Date,Total Assets,"Cash, Cash Equivalents & STI",Cash & Cash Equivalents,ST Investments,Accounts & Notes Receiv,"Accounts Receivable, Net","Notes Receivable, Net",Inventories,Raw Materials,Work In Process,Finished Goods,Other Inventory,Other ST Assets,Derivative & Hedging Assets,Assets Held-for-Sale,Discontinued Operations,Misc ST Assets,Total Current Assets,"Property, Plant & Equip, Net","Property, Plant & Equip",Accumulated Depreciation,LT Investments & Receivables,LT Marketable Securities,Other LT Assets,Total Intangible Assets,Goodwill,Other Intangible Assets,Prepaid Pension Costs,Investments in Affiliates,Misc LT Assets,Total Noncurrent Assets,Liabilities & Shareholders' Equity,Payables & Accruals,Accounts Payable,Accrued Taxes,Interest & Dividends Payable,Other Payables & Accruals,ST Debt,ST Borrowings,ST Lease Liabilities,ST Finance Leases,ST Operating Leases,Current Portion of LT Debt,Other ST Liabilities,Deferred Revenue,Derivatives & Hedging,Misc ST Liabilities,Total Current Liabilities,LT Debt,LT Borrowings,LT Lease Liabilities,LT Finance Leases,LT Operating Leases,Other LT Liabilities,Accrued Liabilities,Pension Liabilities,Misc LT Liabilities,Total Noncurrent Liabilities,Total Liabilities,Preferred Equity and Hybrid Capital,Share Capital & APIC,Common Stock,Additional Paid in Capital,Treasury Stock,Retained Earnings,Other Equity,Equity Before Minority Interest,Minority/Non Controlling Interest,Total Equity,Total Liabilities & Equity,Source: Bloomberg
08/27/1989,5475.950195,205.186996,205.186996,0.0,1875.56604,,,1817.271973,,,,,189.826996,,,,,4087.852051,1004.609009,1645.637939,-641.028992,32.076,,351.412994,,,,,,351.412994,1388.098003,,1245.094971,1245.094971,,,,1877.012939,,,,,,733.086182,,,733.086182,3855.194092,563.377991,,,,,95.421997,,,95.421997,658.799988,4513.99408,8.286,406.571991,,,-35.034,,582.132023,961.956014,0.0,961.956014,5475.950093,
11/26/1989,5402.768066,160.475998,160.475998,0.0,1572.462036,,,1974.863037,,,,,295.970001,,,,,4003.770996,1012.672974,1668.807983,-656.13501,30.707001,,355.617004,,,,,,355.617004,1398.996979,,1384.30896,1384.30896,,,,1623.235962,,,,,,701.756104,,,701.756104,3709.301025,587.030029,,,,,95.426003,,,95.426003,682.456032,4391.757057,3.467,610.432983,,,-8.236,,405.346992,1011.010976,0.0,1011.010976,5402.768033,
02/26/1990,5302.661133,94.378998,94.378998,0.0,1487.595947,,,1937.530029,,,,,350.816986,,,,,3870.322021,1022.833008,1707.571045,-684.737976,37.082001,,372.424011,,,,,,372.424011,1432.33902,,1430.204956,1430.204956,,,,1428.265991,,,,,,709.576172,,,709.576172,3568.047119,600.44397,,,,,95.403999,,,95.403999,695.847969,4263.895088,2.531,611.377014,,,-4.147,,429.005002,1038.766016,0.0,1038.766016,5302.661104,
05/29/1990,4804.161133,120.521996,42.960999,77.560997,1300.001953,,,1648.755005,,,,,278.497009,,,,,3347.775879,1034.660034,1703.543945,-668.883972,32.164001,,389.561005,,,,,,389.561005,1456.38504,,1390.079956,1390.079956,,,,382.829987,,,,,,1194.596161,,,1194.596161,2967.506104,635.442993,,,,,103.253998,,,103.253998,738.696991,3706.203095,2.173,614.265015,,,-2.407,,483.926989,1097.958004,0.0,1097.958004,4804.161099,
08/27/1990,10301.5,182.300003,182.300003,0.0,2160.199951,,,2457.0,,,,,401.399994,,,,,5200.899902,2056.600098,2804.399902,-747.799988,170.699997,,2873.300049,,,,,,2873.300049,5100.600143,,1808.199951,1808.199951,,,,2237.300049,,,,,,779.200195,,,779.200195,4824.700195,2200.800049,,,,,1316.900024,,,1316.900024,3517.700073,8342.400269,356.299988,1009.099976,,,-1.0,,594.700012,1959.099976,0.0,1959.099976,10301.500244,
11/26/1990,9992.5,119.599998,119.599998,0.0,1542.599976,,,2728.300049,,,,,400.600006,,,,,4791.100098,2052.699951,2841.800049,-789.099976,170.600006,,2978.100098,,,,,,2978.100098,5201.400055,,1962.599976,1962.599976,,,,1636.0,,,,,,796.199829,,,796.199829,4394.799805,2225.199951,,,,,1347.800049,,,1347.800049,3573.0,7967.799805,356.200012,1009.700012,,,-2.7,,661.499988,2024.700012,0.0,2024.700012,9992.499817,
02/25/1991,9701.200195,138.800003,138.800003,0.0,1448.599976,,,2500.300049,,,,,396.0,,,,,4483.700195,2095.300049,2949.399902,-854.099976,166.5,,2955.699951,,,,,,2955.699951,5217.5,,2060.600098,2060.600098,,,,1348.099976,,,,,,675.400024,,,675.400024,4084.100098,2171.0,,,,,1230.800049,,,1230.800049,3401.800049,7485.900146,356.200012,1161.199951,,,-3.2,,701.100024,2215.299988,0.0,2215.299988,9701.200134,
05/26/1991,9852.400391,721.900002,83.400002,638.5,1283.599976,,,2127.399902,,,,,399.200012,,,,,4532.100098,2215.399902,3085.600098,-870.200012,164.899994,,2940.0,,,,,,2940.0,5320.299896,,2433.899902,2433.899902,,,,810.599976,,,,,,935.400024,,,935.400024,4179.899902,2316.800049,,,,,1066.400024,,,1066.400024,3383.200073,7563.099975,356.100006,1166.800049,,,-3.6,,770.000024,2289.300079,0.0,2289.300079,9852.400054,
08/25/1991,10223.799805,123.900002,123.900002,0.0,1768.199951,,,2592.699951,,,,,353.200012,,,,,4838.0,2220.800049,3137.399902,-916.599976,157.300003,,3007.699951,,,,,,3007.699951,5385.800003,,2041.199951,2041.199951,,,,2061.0,,,,,,517.199951,,,517.199951,4619.399902,2184.300049,,,,,1079.300049,,,1079.300049,3263.600098,7883.0,356.100006,1179.199951,,,-3.8,,809.3,2340.799957,0.0,2340.799957,10223.799957,
11/24/1991,10666.900391,132.300003,132.300003,0.0,1743.699951,,,3106.300049,,,,,319.700012,,,,,5302.0,2225.199951,3186.5,-961.299988,158.300003,,2981.399902,,,,,,2981.399902,5364.899857,,2284.100098,2284.100098,,,,2190.399902,,,,,,593.700195,,,593.700195,5068.200195,2112.699951,,,,,1066.5,,,1066.5,3179.199951,8247.400146,356.0,1185.300049,,,-2.667,,880.867012,2419.500061,0.0,2419.500061,10666.900208,
02/23/1992,10524.0,89.800003,89.800003,0.0,1618.400024,,,3042.199951,,,,,388.0,,,,,5138.399902,2256.0,3302.699951,-1046.699951,146.5,,2983.100098,,,,,,2983.100098,5385.600098,,2273.5,2273.5,,,,2016.199951,,,,,,586.400146,,,586.400146,4876.100098,2072.300049,,,,,1058.5,,,1058.5,3130.800049,8006.900146,356.0,1196.5,,,-5.0,,969.599976,2517.099976,0.0,2517.099976,10524.000122,
05/31/1992,9758.700195,354.799996,234.899994,119.900002,1290.400024,,,2373.899902,,,,,352.100006,,,,,4371.200195,2276.800049,3364.300049,-1087.5,110.599998,,3000.100098,,,,,,3000.100098,5387.500145,,2637.600098,2637.600098,,,,390.299988,,,,,,1053.399963,,,1053.399963,4081.300049,2124.399902,,,,,964.700012,,,964.700012,3089.099914,7170.399963,356.0,1198.699951,,,-5.2,,1038.799976,2588.299927,0.0,2588.299927,9758.69989,
08/30/1992,10588.700195,0.0,0.0,0.0,1961.5,,,2751.0,,,,,403.5,,,,,5226.899902,2263.800049,3395.5,-1131.699951,109.599998,,2988.399902,,,,,,2988.399902,5361.79995,,1957.800049,1957.800049,,,,2341.399902,,,,,,578.500244,,,578.500244,4877.700195,2110.600098,,,,,960.599976,,,960.599976,3071.200073,7948.900269,356.0,1584.900024,,,-6.0,,704.900024,2639.800049,0.0,2639.800049,10588.700317,
11/29/1992,11218.299805,146.699997,146.699997,0.0,1962.599976,,,3341.699951,,,,,350.100006,,,,,5801.100098,2278.800049,3479.800049,-1201.0,124.400002,,3014.0,,,,,,3014.0,5417.20005,,2312.0,2312.0,,,,2316.600098,,,,,,697.699707,,,697.699707,5326.299805,2306.399902,,,,,957.5,,,957.5,3263.899902,8590.199707,355.899994,1671.699951,,,-8.3,,608.8,2628.099945,0.0,2628.099945,11218.299652,
02/28/1993,10830.200195,99.199997,99.199997,0.0,1701.0,,,3159.5,,,,,411.0,,,,,5370.700195,2314.800049,3592.0,-1277.199951,137.399994,,3007.300049,,,,,,3007.300049,5459.500092,,2311.699951,2311.699951,,,,2078.199951,,,,,,684.200195,,,684.200195,5074.100098,2319.199951,,,,,941.900024,,,941.900024,3261.099976,8335.200073,355.899994,1592.199951,,,-10.5,,557.400024,2494.999969,0.0,2494.999969,10830.200043,
05/31/1993,9988.700195,257.0,159.5,97.5,1421.400024,,,2439.199951,,,,,369.100006,,,,,4486.700195,2388.199951,3719.0,-1330.800049,137.399994,,2976.399902,,,,,,2976.399902,5501.999847,,1459.599976,1459.599976,,,,710.099976,,,,,,2102.900146,,,2102.900146,4272.600098,2159.199951,,,,,1146.5,,,1146.5,3305.699951,7578.300049,355.899994,1528.400024,,,-12.7,,538.799976,2410.399994,0.0,2410.399994,9988.700043,
08/29/1993,11090.799805,76.800003,76.800003,0.0,2129.5,,,2995.100098,,,,,429.200012,,,,,5630.600098,2374.800049,3762.5,-1387.699951,132.0,,2953.399902,,,,,,2953.399902,5460.199951,,946.299988,946.299988,,,,2688.5,,,,,,1733.900208,,,1733.900208,5368.700195,2147.0,,,,,1140.0,,,1140.0,3287.0,8655.700195,355.899994,1513.0,,,-15.7,,581.900012,2435.100006,0.0,2435.100006,11090.800201,
11/28/1993,11974.299805,75.300003,75.300003,0.0,2342.699951,,,3519.199951,,,,,519.299988,,,,,6456.5,2492.5,3928.300049,-1435.800049,,,3025.300049,,,,,,3025.300049,5517.800049,,1480.699951,1480.699951,,,,2912.300049,,,,,,1901.200195,,,1901.200195,6294.200195,2123.899902,,,,,1143.300049,,,1143.300049,3267.199951,9561.400146,355.899994,1573.699951,,,-121.300003,,604.599991,2412.899933,0.0,2412.899933,11974.300079,
02/27/1994,10904.5,99.199997,99.199997,0.0,1701.0,,,3159.5,,,,,411.0,,,,,5370.700195,2314.800049,3592.0,-1277.199951,,,3219.0,,,,,,3219.0,5533.800049,,1327.0,1327.0,,,,2078.199951,,,,,,1664.300049,,,1664.300049,5069.5,2319.199951,,,,,1149.0,,,1149.0,3468.199951,8537.699951,355.899994,1592.199951,,,-12.7,,431.400012,2366.799957,0.0,2366.799957,10904.499908,
05/29/1994,10721.799805,166.400001,100.300003,66.099998,1589.599976,,,2884.399902,,,,,502.899994,,,,,5143.299805,2586.300049,4150.399902,-1564.099976,129.899994,,2862.300049,,,,,,2862.300049,5578.500092,,1610.5,1610.5,,,,539.700012,,,,,,2602.599793,,,2602.599793,4752.799805,2206.800049,,,,,1179.699951,,,1179.699951,3386.5,8139.299805,355.600006,1601.599976,,,-117.199997,,742.499985,2582.49997,0.0,2582.49997,10721.799775,
08/28/1994,11935.799805,42.099998,42.099998,0.0,2407.100098,,,3181.699951,,,,,584.099976,,,,,6215.0,2695.699951,4325.399902,-1629.699951,134.600006,,2890.5,,,,,,2890.5,5720.799957,,1031.400024,1031.400024,,,,2984.399902,,,,,,1760.499878,,,1760.499878,5776.299805,2189.899902,,,,,1065.099976,,,1065.099976,3254.999878,9031.299683,630.599976,1690.699951,,,-121.300003,,704.500015,2904.499939,0.0,2904.499939,11935.799622,
11/30/1994,12515.599609,59.400002,59.400002,0.0,2410.800049,,,3614.800049,,,,,532.0,,,,,6617.0,2719.0,4406.899902,-1687.900024,142.600006,,3037.0,,,,,,3037.0,5898.600006,,1516.400024,1516.400024,,,,2742.899902,,,,,,1987.700073,,,1987.700073,6247.0,2183.5,,,,,1057.599976,,,1057.599976,3241.099976,9488.099976,630.599976,1666.199951,,,-122.300003,,853.000015,3027.499939,0.0,3027.499939,12515.599915,
02/26/1995,12041.200195,111.0,111.0,0.0,2101.199951,,,3654.199951,,,,,237.699997,,,,,6104.100098,2739.5,4472.799805,-1733.300049,147.899994,,3049.699951,,,,,,3049.699951,5937.099945,,1666.199951,1666.199951,,,,2109.899902,,,,,,1723.300049,,,1723.300049,5499.399902,2149.5,,,,,1099.699951,,,1099.699951,3249.199951,8748.599854,880.599976,1692.5,,,-155.800003,,875.300003,3292.599976,0.0,3292.599976,12041.199829,
05/31/1995,10801.0,60.0,60.0,0.0,1540.0,,,3167.300049,,,,,372.899994,,,,,5140.200195,2796.0,4537.799805,-1741.800049,0.0,,2864.800049,,,,,,2864.800049,5660.800049,,1574.800049,1574.800049,,,,47.900002,,,,,,2342.199851,,,2342.199851,3964.899902,2520.0,,,,,940.799988,,,940.799988,3460.799988,7425.69989,879.900024,1674.199951,,,-206.899994,,1028.100006,3375.299987,0.0,3375.299987,10800.999877,
08/27/1995,12290.200195,92.199997,92.199997,0.0,2472.300049,,,3509.699951,,,,,401.5,,,,,6475.700195,2865.699951,4666.200195,-1800.5,0.0,,2948.800049,2519.100098,,,,,429.699951,5814.5,,1004.099976,1004.099976,,,,3170.600098,,,,,,1653.299927,,,1653.299927,5828.0,2414.199951,,,,,920.400024,,,920.400024,3334.599976,9162.599976,794.5,1778.300049,,,-414.799988,,969.599976,3127.600037,0.0,3127.600037,12290.200012,
11/26/1995,13176.200195,46.400002,46.400002,0.0,2530.699951,,,3961.0,,,,,384.5,,,,,6922.600098,3239.399902,5175.299805,-1935.900024,0.0,,3014.199951,2564.899902,,,,,449.300049,6253.599854,,1706.900024,1706.900024,,,,3241.600098,,,,,,1661.799683,,,1661.799683,6610.299805,2477.0,,,,,904.400024,,,904.400024,3381.400024,9991.699829,552.900024,1675.599976,,,-166.699997,,1122.699997,3184.5,0.0,3184.5,13176.199829,
02/25/1996,12755.200195,59.099998,59.099998,0.0,2121.800049,,,3948.800049,,,,,377.399994,,,,,6507.100098,3283.100098,5291.200195,-2008.099976,0.0,,2965.0,2549.399902,,,,,415.600098,6248.100098,,1785.800049,1785.800049,,,,2947.300049,,,,,,1767.100098,,,1767.100098,6500.200195,2350.300049,,,,,904.700012,,,904.700012,3255.000061,9755.200256,525.0,1720.199951,,,-399.100006,,1153.899994,2999.999939,0.0,2999.999939,12755.200195,
05/26/1996,11196.599609,113.699997,113.699997,0.0,1428.400024,,,3573.399902,,,,,451.399994,,,,,5566.899902,2820.5,4735.5,-1915.0,0.0,,2809.199951,,,,,,2809.199951,5629.699951,,1856.900024,1856.900024,,,,558.799988,,,,,,2778.000183,,,2778.000183,5193.700195,2262.899902,,,,,959.5,,,959.5,3222.399902,8416.100097,525.0,1688.0,,,-390.0,,957.5,2780.5,0.0,2780.5,11196.600097,
08/25/1996,12021.599609,34.5,34.5,0.0,2376.699951,,,3426.699951,,,,,439.399994,,,,,6277.299805,2896.600098,4845.5,-1948.900024,0.0,,2847.699951,,,,,,2847.699951,5744.300049,,861.5,861.5,,,,3601.699951,,,,,,1599.199951,,,1599.199951,6062.399902,2252.300049,,,,,959.900024,,,959.900024,3212.200073,9274.599976,525.0,1699.5,,,-497.399994,,1019.899994,2747.0,0.0,2747.0,12021.599976,
11/24/1996,12954.5,78.400002,78.400002,0.0,2469.100098,,,4080.0,,,,,433.700012,,,,,7061.200195,3017.300049,5027.799805,-2010.5,0.0,,2876.0,,,,,,2876.0,5893.300049,,1977.099976,1977.099976,,,,3221.300049,,,,,,1622.300171,,,1622.300171,6820.700195,2307.199951,,,,,938.400024,,,938.400024,3245.599976,10066.300171,525.0,1834.199951,,,-526.0,,1055.0,2888.199951,0.0,2888.199951,12954.500122,
02/23/1997,12177.599609,64.5,64.5,0.0,2053.0,,,3692.0,,,,,434.100006,,,,,6243.600098,3078.0,5169.200195,-2091.199951,0.0,,2856.0,,,,,,2856.0,5934.0,,2025.099976,2025.099976,,,,2333.399902,,,,,,1629.200317,,,1629.200317,5987.700195,2333.5,,,,,911.5,,,911.5,3245.0,9232.700195,525.0,1838.300049,,,-556.799988,,1138.399963,2944.900024,0.0,2944.900024,12177.60022,
05/25/1997,11277.1,105.8,105.8,,1367.6,1367.6,,3342.9,,,,,388.7,,,,,5205.0,3242.5,5274.3,-2031.8,,,2829.6,2434.0,,,,,395.6,6072.1,,1894.7,1894.7,,,,881.9,,,,,,2213.0,,,2213.0,4989.6,2355.7,,,,,935.1,,,935.1,3290.8,8280.4,525.0,1908.7,,,-655.1,2061.2,-843.1,2996.7,,2996.7,11277.1,
08/24/1997,12445.7,26.0,26.0,0.0,2377.3,2402.2,,3624.3,,,,3660.1,416.0,,,,,6443.6,3207.6,5272.9,-2065.3,0.0,,2794.5,2420.7,,,,,373.8,6002.1,,1063.7,1063.7,,,,3574.5,,,,,,1648.0,,,1648.0,6286.2,2322.2,,,,,918.9,,,918.9,3241.1,9527.3,525.0,2990.9,,,-798.6,1133.4,-932.3,2918.4,0.0,2918.4,12445.7,
11/23/1997,13060.0,62.200001,62.200001,0.0,2500.699951,2523.5,,4095.5,,,,4129.5,381.700012,,,,,7040.100098,3213.100098,5342.5,-2129.399902,0.0,,2806.800049,2402.600098,,,,,404.199951,6019.900146,,1879.5,1879.5,,,,3079.5,,,,,,1737.0,,,1737.0,6696.0,2392.600098,,,,,888.200012,,,888.200012,3280.80011,9976.80011,525.0,3075.800049,,,-800.200012,1276.599976,-993.999939,3083.200073,0.0,3083.200073,13060.000183,
02/22/1998,12643.900391,39.599998,39.599998,0.0,2211.600098,2220.399902,,3936.699951,,,,3955.300049,403.700012,,,,,6591.600098,3270.699951,5518.600098,-2247.899902,0.0,,2781.600098,2387.300049,,,,,394.300049,6052.300049,,2062.199951,2062.199951,,,,2484.800049,,,,,,1558.700195,,,1558.700195,6105.700195,2442.5,,,,,902.099976,,,902.099976,3344.599976,9450.300171,525.0,2862.100098,,,-700.700012,1237.300049,-730.100037,3193.600098,0.0,3193.600098,12643.900269,
05/31/1998,11808.5,108.400002,108.400002,0.0,1546.900024,,,3540.800049,,,,,341.600006,,,,,5537.700195,3449.699951,5761.100098,-2311.399902,0.0,,2821.100098,2408.699951,,,,,412.400146,6270.800049,,1971.0,1971.0,,,,910.799988,,,,,,2211.900208,,,2211.900208,5093.700195,2503.5,,,,,847.299988,,,847.299988,3350.799988,8444.500183,525.0,2917.100098,,,-705.200012,,627.100014,3364.000099,0.0,3364.000099,11808.500282,
08/30/1998,13528.7,10.8,10.8,0.0,2688.6,2688.6,,3806.4,,,,3806.4,367.6,,,,,6873.4,3521.8,5912.6,-2390.8,0.0,,3133.5,2694.9,,,,,438.6,6655.3,,1051.9,1051.9,,,,4216.0,,,,,,1490.6,,,1490.6,6758.5,2531.8,,,,,830.7,,,830.7,3362.5,10121.0,525.0,2809.2,,,-708.9,1373.9,-591.5,3407.7,0.0,3407.7,13528.7,
11/29/1998,13946.900391,44.299999,44.299999,0.0,2687.0,2687.0,,4189.600098,,,,4189.600098,318.700012,,,,,7239.600098,3600.699951,6086.700195,-2486.0,0.0,,3106.600098,2640.699951,,,,,465.900146,6707.300049,,1823.900024,1823.900024,,,,3448.5,,,,,,1709.89978,,,1709.89978,6982.299805,2604.0,,,,,784.599976,,,784.599976,3388.599976,10370.89978,525.0,2948.0,,,-710.599976,1507.699951,-694.099976,3576.0,0.0,3576.0,13946.89978,
02/28/1999,13536.900391,22.9,22.9,0.0,2447.800049,2447.800049,,4008.5,,,,4008.5,320.700012,,,,,6799.899902,3647.699951,6227.600098,-2579.899902,0.0,,3089.300049,2627.300049,,,,,462.0,6737.0,,2225.399902,2225.399902,,,,2672.899902,,,,,,1557.600098,,,1557.600098,6455.899902,2638.0,,,,,787.799988,,,787.799988,3425.799988,9881.69989,525.0,2897.0,,,-735.5,1595.199951,-626.499954,3655.199997,0.0,3655.199997,13536.899887,
05/30/1999,12146.099609,62.799999,62.799999,0.0,1637.5,,,3639.899902,,,,,315.899994,,,,,5656.100098,3614.199951,6213.799805,-2599.600098,0.0,,2875.800049,2408.699951,,,,,467.100098,6490.0,,2036.5,2036.5,,,,859.0,,,,,,2490.899902,,,2490.899902,5386.399902,2543.100098,,,,,782.799988,,,782.799988,3325.900085,8712.299988,525.0,2817.600098,,,-749.900024,,841.099022,3433.799095,0.0,3433.799095,12146.099083,
08/29/1999,13378.599609,10.7,10.7,0.0,2615.5,2615.5,,4012.100098,0.0,0.0,0.0,0.0,334.799988,,,,,6973.100098,3605.399902,6389.100098,-2783.699951,0.0,,2800.100098,2396.0,,,,,404.100098,6405.5,,1645.099976,1645.099976,,,,3435.600098,,,,,,1473.299927,,,1473.299927,6554.0,2560.100098,,,,,790.900024,,,790.900024,3351.000122,9905.000122,525.0,2794.199951,,,-754.299988,1397.199951,-488.499969,3473.599945,0.0,3473.599945,13378.600067,
11/28/1999,13577.599609,9.6,9.6,0.0,2527.600098,,,4378.799805,0.0,0.0,0.0,0.0,305.200012,,,,,7221.200195,3559.699951,6447.100098,-2887.399902,0.0,,2796.699951,2384.0,,,,,412.699951,6356.399902,,2129.5,2129.5,,,,2781.399902,,,,,,1693.5,,,1693.5,6604.399902,2601.199951,,,,,802.5,,,802.5,3403.699951,10008.099854,525.0,2782.300049,,,-757.299988,,1019.5,3569.500061,0.0,3569.500061,13577.599915,
02/27/2000,13115.299805,17.4,17.4,0.0,1973.900024,,,4236.700195,,,,,307.299988,,,,,6535.299805,3752.800049,6766.100098,-3013.300049,0.0,,2827.199951,2404.199951,,,,,423.0,6580.0,,2130.300049,2130.300049,,,,2425.300049,,,,,,1511.100098,,,1511.100098,6066.700195,2621.699951,,,,,809.5,,,809.5,3431.199951,9497.900146,525.0,2658.899902,,,-759.299988,,1192.799988,3617.399902,0.0,3617.399902,13115.300049,
05/28/2000,12196.6,157.6,157.6,,1241.5,1241.5,,4056.0,,,,,404.8,,,,,5859.9,3584.0,6441.8,-2857.8,,,2752.7,2366.0,,,,,386.7,6336.7,,2042.5,2042.5,,,,1276.1,,,,,,2146.8,,,2146.8,5465.4,2566.8,,,,,750.7,,,750.7,3317.5,8782.9,525.0,2768.2,,,-760.2,1345.3,-464.6,3413.7,,3413.7,12196.6,
08/27/2000,16549.800781,82.0,82.0,0.0,2638.300049,,,4452.5,,,,,478.799988,,,,,7651.600098,3878.300049,6828.5,-2950.199951,0.0,,5019.899902,4607.0,,,,,412.899902,8898.199951,,2066.5,2066.5,,,,3557.199951,,,,,,1594.500244,,,1594.500244,7218.200195,4149.299805,,,,,770.299988,,,770.299988,4919.599792,12137.799988,525.0,3555.100098,,,-764.099976,,1095.999969,4412.000092,0.0,4412.000092,16549.800079,
11/26/2000,17317.8,82.7,82.7,0.0,2594.8,,,5153.2,,,,,481.5,,,,,8312.2,3966.7,7050.2,-3083.5,0.0,,5038.9,4388.7,,,,,650.2,9005.6,,2031.0,2031.0,,,,3848.2,,,,,,1870.1,,,1870.1,7749.3,4168.6,,,,,806.4,,,806.4,4975.0,12724.3,525.0,3587.8,,,-692.7,,1173.4,4593.5,0.0,4593.5,17317.8,
02/25/2001,17074.7,24.4,24.4,0.0,1986.2,1986.2,,5149.0,0.0,0.0,5149.0,0.0,507.8,,,,,7667.4,3980.0,7143.7,-3163.7,,,5427.3,4770.2,,,,,657.1,9407.3,,2136.8,2136.8,,,,3255.4,3255.4,0.0,0.0,,,1833.4,,,1833.4,7225.6,4161.4,4161.4,0.0,0.0,,1179.0,,,1179.0,5340.4,12566.0,525.0,3504.7,,,-676.6,1530.8,-375.2,4508.7,0.0,4508.7,17074.7,
05/27/2001,16480.8,198.1,198.1,0.0,1605.4,1605.4,,5071.4,1499.0,0.0,,3572.4,487.7,,,,,7362.6,3884.7,6851.1,-2966.4,0.0,,5233.5,4840.2,0.0,4840.2,,,393.3,9118.2,,2289.8,2289.8,,,,2800.2,2800.2,0.0,0.0,,,1845.6,,,1845.6,6935.6,4109.5,4109.5,0.0,0.0,,927.5,,,927.5,5037.0,11972.6,525.0,3509.2,,,-672.9,1534.8,-387.9,4508.2,0.0,4508.2,16480.8,
08/26/2001,17063.800781,25.9,25.9,0.0,2450.800049,,,4951.799805,0.0,0.0,4951.799805,0.0,612.099976,,,,,8040.600098,3856.100098,6931.5,-3075.399902,0.0,,5167.100098,4771.600098,,,,,395.5,9023.200195,,2156.399902,2156.399902,,,,3673.5,3673.5,0.0,0.0,,,1911.100098,,,1911.100098,7741.0,3934.300049,3934.300049,0.0,0.0,,836.799988,,,836.799988,4771.100037,12512.100037,525.0,3529.800049,,,-672.0,,1168.899994,4551.700043,0.0,4551.700043,17063.800079,
11/25/2001,17062.5,25.7,25.7,0.0,2343.0,,,5125.6,0.0,0.0,5125.6,0.0,594.3,,,,,8088.6,3847.6,6991.9,-3144.3,0.0,,5126.3,4715.6,,,,,410.7,8973.9,,2184.6,2184.6,,,,1552.6,1552.6,0.0,0.0,,,1880.3,,,1880.3,5617.5,5954.0,5954.0,0.0,0.0,,833.0,,,833.0,6787.0,12404.5,525.0,3556.7,,,-675.9,,1252.2,4658.0,0.0,4658.0,17062.5,
02/24/2002,16547.7,30.7,30.7,0.0,2043.7,2043.7,,4811.0,0.0,0.0,4811.0,0.0,616.5,,,,,7501.9,3873.1,7030.3,-3157.2,,,5172.7,4768.0,,,,,404.7,9045.8,,2358.8,2358.8,,,,1305.3,1305.3,0.0,0.0,,,1915.7,,,1915.7,5579.8,5783.7,5783.7,0.0,0.0,,829.1,,,829.1,6612.8,12192.6,175.0,3567.1,,,-676.1,1753.4,-464.3,4355.1,0.0,4355.1,16547.7,
05/26/2002,15570.9,157.9,157.9,0.0,1276.4,1276.4,,4077.1,1586.7,103.5,2285.0,101.9,922.5,,,,,6433.9,3449.9,6378.9,-2929.0,0.0,,5687.1,4786.0,3900.9,885.1,,,901.1,9137.0,,2103.9,2103.9,,,,239.9,239.9,0.0,0.0,,,1969.6,,,1969.6,4313.4,5725.8,5725.8,0.0,0.0,,1048.5,,,1048.5,6774.3,11087.7,175.0,3564.7,,,-676.8,1821.9,-401.6,4483.2,0.0,4483.2,15570.9,
08/25/2002,16469.199219,17.4,17.4,0.0,2025.699951,2025.699951,,4716.600098,1685.0,106.199997,2767.899902,157.5,679.700012,,,,,7439.399902,3849.300049,7243.0,-3393.699951,0.0,,5180.5,4747.200195,3868.300049,878.900146,,,433.299805,9029.800049,,1608.0,1608.0,,,,1438.300049,1438.300049,0.0,0.0,,,1943.099854,,,1943.099854,4989.399902,5833.799805,5833.799805,0.0,0.0,,997.400024,,,997.400024,6831.199829,11820.599731,175.0,3582.699951,,,-684.0,1925.5,-350.599976,4648.599976,0.0,4648.599976,16469.199707,
11/24/2002,15908.4,26.2,26.2,0.0,1782.7,1782.7,,4263.2,1656.3,108.6,2374.7,123.6,653.0,,,,,6725.1,3284.6,6240.8,-2956.2,0.0,,5898.7,4678.7,3796.1,882.6,,,1220.0,9183.3,,1781.1,1781.1,,,,1116.4,1116.4,0.0,0.0,,,1871.2,,,1871.2,4768.7,5337.6,5337.6,0.0,0.0,,1046.4,,,1046.4,6384.0,11152.7,175.0,3568.3,,,-687.3,2030.6,-330.9,4755.7,0.0,4755.7,15908.4,
02/23/2003,15511.700195,78.0,78.0,0.0,1486.400024,932.200012,,3994.600098,1519.800049,90.300003,2205.199951,179.300003,715.799988,,,,,6274.799805,3263.100098,6297.899902,-3034.800049,0.0,,5973.799805,4749.899902,3816.199951,933.699951,,,1223.899902,9236.899902,,1504.699951,1504.699951,,,,691.200012,691.200012,0.0,0.0,,,2078.800232,,,2078.800232,4274.700195,5375.299805,5375.299805,0.0,0.0,,1046.5,,,1046.5,6421.799805,10696.5,175.0,3557.699951,,,-686.5,2060.600098,-291.600098,4815.199951,0.0,4815.199951,15511.699951,
05/25/2003,15071.4,628.6,628.6,0.0,800.9,800.9,,2455.6,884.4,91.6,1220.7,258.9,2174.5,,,,,6059.6,2678.3,5111.9,-2433.6,0.0,,6333.5,4631.5,3807.2,824.3,,,1702.0,9011.8,,788.1,788.1,,,,510.3,510.3,0.0,0.0,,,2505.0,,,2505.0,3803.4,5395.2,5395.2,0.0,0.0,,1076.1,,,1076.1,6471.3,10274.7,175.0,3553.8,,,-686.4,2080.5,-326.2,4796.7,0.0,4796.7,15071.4,
08/24/2003,15539.2,680.7,680.7,0.0,1571.3,807.5,,3443.1,1072.2,89.1,2158.1,123.7,878.6,,,,,6573.7,2794.5,5462.2,-2667.7,0.0,,6171.0,4664.0,3830.5,833.5,,,1507.0,8965.5,,1616.2,1616.2,,,,682.3,682.3,0.0,0.0,,,2070.4,,,2070.4,4368.9,5284.3,5284.3,0.0,0.0,,967.4,,,967.4,6251.7,10620.6,175.0,3548.5,,,-691.0,2144.3,-258.2,4918.6,0.0,4918.6,15539.2,
11/23/2003,14532.700195,26.700001,26.700001,0.0,1149.599976,1149.599976,,3235.300049,1686.599976,118.099998,1300.699951,129.899994,1360.800049,,,,,5772.399902,2663.199951,5390.600098,-2727.399902,0.0,,6097.100098,4636.600098,3811.0,825.600098,,,1460.5,8760.300049,,1220.900024,1220.900024,,,,430.399994,430.399994,0.0,0.0,,,1880.899933,,,1880.899933,3532.199951,4965.899902,4965.899902,0.0,0.0,,961.299988,,,961.299988,5927.19989,9459.399841,175.0,3563.300049,,,-690.799988,2254.699951,-228.899963,5073.300049,0.0,5073.300049,14532.69989,
02/22/2004,14475.7,533.7,533.7,0.0,1238.4,1238.4,,3027.3,1454.5,91.8,1285.1,195.9,683.5,,,,,5482.9,2867.4,5675.3,-2807.9,0.0,,6125.4,4631.1,3806.4,824.7,,,1494.3,8992.8,,857.5,857.5,,,,415.7,415.7,0.0,0.0,,,1910.4,,,1910.4,3183.6,5312.2,5312.2,0.0,0.0,,1103.7,,,1103.7,6415.9,9599.5,0.0,3571.6,,,-912.8,2319.8,-102.4,4876.2,0.0,4876.2,14475.7,
05/30/2004,14230.1,588.7,588.7,0.0,1324.1,1324.1,,2625.6,1157.0,75.0,1201.5,192.1,606.5,,,,,5144.9,2880.0,5632.7,-2752.7,0.0,,6205.2,4625.7,3798.8,826.9,,,1579.5,9085.2,,940.8,940.8,,,,413.0,413.0,0.0,0.0,,,1647.8,,,1647.8,3001.6,5280.7,5280.7,0.0,0.0,,1108.3,,,1108.3,6389.0,9390.6,0.0,3570.5,,,-1123.8,2394.4,-1.6,4839.5,0.0,4839.5,14230.1,
08/29/2004,14021.8,369.8,369.8,,1349.7,1349.7,,2640.3,1189.6,104.3,1346.4,,543.6,,,,,4903.4,2906.2,5745.1,-2838.9,,,6212.2,4638.5,3801.4,837.1,,,1573.7,9118.4,,873.5,873.5,,,,389.3,,,,,,1691.2,,,1691.2,2954.0,5287.4,,,,,1120.0,,,1120.0,6407.4,9361.4,,3584.3,,,-1311.1,2397.0,-9.8,4660.4,,4660.4,14021.8,
11/28/2004,14202.099609,353.200012,353.200012,0.0,1536.599976,1536.599976,,2961.600098,1306.099976,131.0,1312.099976,212.399994,635.700012,,,,,5487.100098,2967.5,5862.700195,-2895.199951,0.0,,5747.5,4641.200195,3815.0,826.200195,,,1106.299805,8715.0,,1161.099976,1161.099976,,,,770.799988,770.799988,0.0,0.0,,,1719.200134,,,1719.200134,3651.100098,4589.299805,4589.299805,0.0,0.0,,1101.0,,,1101.0,5690.299805,9341.399902,0.0,3584.399902,,,-1293.699951,2498.399902,71.600098,4860.699951,0.0,4860.699951,14202.099854,
02/27/2005,13421.0,8.6,8.6,0.0,1352.9,1352.9,,2408.1,1248.0,86.5,1073.6,0.0,1274.7,,,,,5044.3,2410.2,4904.1,-2493.9,0.0,,5966.5,4249.5,3452.5,797.0,,,1717.0,8376.7,,941.0,941.0,,,,173.3,173.3,0.0,0.0,,,1909.5,,,1909.5,3023.8,4353.4,4353.4,0.0,0.0,,1152.3,,,1152.3,5505.7,8529.5,0.0,3586.1,,,-1225.1,2475.3,55.2,4891.5,0.0,4891.5,13421.0,
05/29/2005,13042.8,207.6,207.6,0.0,1260.8,1260.8,,2153.6,1035.7,62.0,1055.9,0.0,1152.8,,,,,4774.8,2365.0,4786.9,-2421.9,0.0,,5903.0,4252.5,3451.5,801.0,,,1650.5,8268.0,,781.6,781.6,,,,125.8,,,,,,1732.3,,,1732.3,2639.7,4349.1,,,,,1194.6,,,1194.6,5543.7,8183.4,0.0,3591.3,,,-1209.3,2438.1,39.3,4859.4,0.0,4859.4,13042.8,
08/28/2005,13182.5,501.4,501.4,,1286.8,1286.8,,2756.3,1110.6,101.3,1393.9,150.5,745.4,,,,,5289.9,2834.5,5764.1,-2929.6,0.0,,5058.1,4613.3,3794.0,819.3,,,444.8,7892.6,,926.9,926.9,,,,129.9,,,,,,1668.8,,,1668.8,2725.6,4343.5,,,,,1121.9,,,1121.9,5465.4,8191.0,0.0,3585.5,,,-1196.7,2649.0,-46.3,4991.5,0.0,4991.5,13182.5,
11/27/2005,13304.9,687.4,687.4,0.0,1301.4,1301.4,,2449.4,1301.9,98.8,1048.7,0.0,1019.1,,,,,5457.3,2333.9,4802.5,-2468.6,0.0,,5513.7,4246.2,3446.1,800.1,,,1267.5,7847.6,,976.8,976.8,,,,931.1,,,,,,1801.3,,,1801.3,3709.2,3436.8,,,,,1132.8,,,1132.8,4569.6,8278.8,0.0,3588.3,,,-1185.6,2655.3,-31.9,5026.1,0.0,5026.1,13304.9,
02/26/2006,12383.0,237.2,237.2,0.0,1159.4,1159.4,,2489.1,1429.9,94.0,965.2,0.0,885.1,,,,,4770.8,2304.8,4865.0,-2560.2,0.0,,5307.4,4247.8,3448.0,799.8,,,1059.6,7612.2,,891.8,891.8,,,,431.2,431.2,0.0,0.0,,,1628.1,,,1628.1,2951.1,3410.9,3410.9,0.0,0.0,,1135.5,,,1135.5,4546.4,7497.5,0.0,3589.2,,,-1183.8,2497.5,-17.4,4885.5,0.0,4885.5,12383.0,
05/28/2006,11970.4,331.6,331.6,0.0,1178.1,1178.1,,2130.6,985.0,97.4,923.6,124.6,1150.0,,,,,4790.3,2268.4,4829.5,-2561.1,0.0,,4911.7,4245.1,3445.6,799.5,,,666.6,7180.1,,867.6,867.6,,,,431.1,431.1,0.0,0.0,,,1666.1,,,1666.1,2964.8,3154.8,3154.8,0.0,0.0,,1200.8,,,1200.8,4355.6,7320.4,0.0,3595.1,,,-1375.7,2454.6,-24.0,4650.0,0.0,4650.0,11970.4,
08/27/2006,11993.1,695.3,695.3,0.0,1156.1,1156.1,,2123.1,917.3,113.5,971.8,120.5,970.0,,,,,4944.5,2212.9,4828.1,-2615.2,0.0,,4835.7,4242.0,3444.6,797.4,,,593.7,7048.6,,892.2,892.2,,,,430.0,,,,,,1621.8,,,1621.8,2944.0,3152.0,,,,,1190.6,,,1190.6,4342.6,7286.6,0.0,3603.5,,,-1410.1,2529.6,-16.5,4706.5,0.0,4706.5,11993.1,
11/26/2006,12356.5,803.5,803.5,0.0,1115.5,1115.5,,2587.7,1426.8,140.4,1020.5,0.0,1213.3,,,,,5720.0,2154.7,4814.1,-2659.4,0.0,,4481.8,4238.9,3442.4,796.5,,,242.9,6636.5,,992.7,992.7,,,,26.4,,,,,,1938.1,,,1938.1,2957.2,3531.7,,,,,1130.0,,,1130.0,4661.7,7618.9,0.0,3619.9,,,-1529.0,2650.7,-4.0,4737.6,0.0,4737.6,12356.5,
02/25/2007,12280.6,497.0,497.0,0.0,1194.4,1194.4,,2819.8,1659.9,127.3,1032.6,0.0,1073.2,,,,,5584.4,2214.4,4919.7,-2705.3,0.0,,4481.8,4236.4,3440.8,795.6,,,245.4,6696.2,,935.5,935.5,,,,43.7,,,,,,2125.4,,,2125.4,3104.6,3435.8,,,,,1074.3,,,1074.3,4510.1,7614.7,0.0,3633.4,,,-1707.8,2752.3,-12.0,4665.9,0.0,4665.9,12280.6,
05/27/2007,11835.5,735.2,735.2,,1203.1,1203.1,,2348.5,1154.2,95.2,1008.1,91.0,719.2,,,,,5006.0,2321.2,5079.6,-2758.4,,,4508.3,4222.9,3446.9,776.0,,,285.4,6829.5,,1108.1,1108.1,,,,39.5,39.5,0.0,0.0,,,1533.3,,,1533.3,2680.9,3420.0,3420.0,0.0,0.0,,1151.7,,,1151.7,4571.7,7252.6,,3649.0,,,-1916.2,2856.0,-5.9,4582.9,,4582.9,11835.5,
08/26/2007,11963.9,307.5,307.5,,881.1,881.1,,1812.4,549.1,92.5,1104.8,66.0,2026.9,,,,,5027.9,2258.6,4848.8,-2590.2,,,4677.4,4204.8,3451.8,753.0,,,472.6,6936.0,,804.1,804.1,,,,87.2,87.2,0.0,0.0,,,1845.3,,,1845.3,2736.6,3418.7,3418.7,0.0,0.0,,1213.0,,,1213.0,4631.7,7368.3,0.0,3652.6,,,-1990.6,2932.4,1.2,4595.6,0.0,4595.6,11963.9,
11/25/2007,12799.3,128.1,128.1,,1489.5,1489.5,,3349.1,2022.7,102.3,1159.7,64.4,828.6,,,,,5795.3,2382.2,5103.7,-2721.5,0.0,,4621.8,4309.8,3505.3,804.5,,,312.0,7004.0,,1458.0,1458.0,,,,337.4,,,,,,1595.9,,,1595.9,3391.3,3375.1,,,,,1228.5,,,1228.5,4603.6,7994.9,0.0,3668.5,,,-1985.1,3084.5,36.5,4804.4,0.0,4804.4,12799.3,
02/24/2008,13386.7,128.2,128.2,,1449.0,1449.0,,3610.3,2270.1,108.2,1165.9,66.1,1147.6,,,,,6335.1,2376.4,5054.8,-2678.4,0.0,,4675.2,4311.3,3507.3,804.0,,,363.9,7051.6,,1353.7,1353.7,,,,432.8,,,,,,1966.3,,,1966.3,3752.8,3375.9,,,,,1219.5,,,1219.5,4595.4,8348.2,0.0,3686.2,,,-1980.0,3300.6,31.7,5038.5,0.0,5038.5,13386.7,
05/25/2008,13682.5,140.9,140.9,,890.6,890.6,,1931.5,580.8,100.0,1179.1,71.6,3119.0,,,,,6082.0,2482.3,5010.8,-2528.5,0.0,,5118.2,4296.8,3480.1,816.7,,,821.4,7600.5,,786.0,786.0,,,,614.7,609.7,5.0,5.0,,,2250.6,,,2250.6,3651.3,3386.9,3323.5,63.4,63.4,,1306.9,,,1306.9,4693.8,8345.1,0.0,3700.3,,,-2058.9,3409.5,286.5,5337.4,0.0,5337.4,13682.5,
08/24/2008,11526.3,296.4,296.4,0.0,961.3,961.3,0.0,2046.1,610.3,101.3,1256.4,78.1,353.9,126.1,,,353.9,3657.7,2492.7,5055.7,-2563.0,0.0,,5375.9,4301.1,3480.5,820.6,,,948.7,7868.6,,2078.2,942.2,,,1136.0,340.0,25.2,,,,314.8,35.1,,,0.0,2453.3,3048.7,3048.7,,,,1250.4,,,1250.4,4299.1,6752.4,0.0,3611.8,2835.5,776.3,-2860.8,3761.5,261.4,4773.9,0.0,4773.9,11526.3,
11/23/2008,11770.7,132.1,132.1,0.0,972.1,972.1,0.0,2280.8,746.9,120.0,1337.4,76.5,455.5,203.4,,,455.5,3840.5,2565.7,5160.4,-2594.7,0.0,,5364.5,4301.9,3477.6,824.3,,,859.2,7930.2,,2017.8,1019.5,,,998.3,616.9,300.1,,,,316.8,37.2,,,0.0,2671.9,3052.5,3052.5,,,,1271.7,,,1271.7,4324.2,6996.1,0.0,3623.6,2835.5,788.1,-2859.0,3844.9,165.1,4774.6,,4774.6,11770.7,
02/22/2009,11396.2,88.2,88.2,0.0,889.0,889.0,0.0,2149.3,730.6,110.2,1232.0,76.5,331.9,,5.0,,201.6,3458.4,2564.2,5172.7,-2608.5,0.0,,5373.6,4313.3,3478.9,834.4,,,1060.3,7937.8,,1598.7,807.8,,,790.9,504.1,185.8,,,,318.3,51.0,,51.0,0.0,2153.8,3072.4,3072.4,,,,1281.7,-51.0,,1281.7,4354.1,6507.9,0.0,3630.4,2835.8,794.6,-2857.3,3953.0,162.2,4888.3,,4888.3,11396.2,
05/31/2009,11073.3,243.2,243.2,0.0,755.3,755.3,0.0,1821.7,640.7,54.8,1047.4,78.8,516.4,0.0,246.9,,191.4,3336.6,2559.2,5126.0,-2566.8,0.0,,5177.5,4318.5,3483.6,834.9,4.1,,854.9,7736.7,,1469.8,809.1,0.0,0.0,660.7,27.6,3.7,,,,23.9,76.7,0.0,56.5,20.2,1574.1,3455.4,3455.4,,,,1322.9,-56.5,564.8,758.1,4778.3,6352.4,0.0,3720.3,2835.9,884.4,-2938.2,4042.5,-103.7,4720.9,0.0,4720.9,11073.3,
08/30/2009,11230.4,289.7,289.7,0.0,886.1,886.1,0.0,2013.3,557.1,98.5,1273.4,84.3,373.6,,0.0,,208.8,3562.7,2663.2,5365.3,-2702.1,0.0,,5004.5,4327.8,3491.3,836.5,,,676.7,7667.7,,1616.5,875.0,,,741.5,18.5,2.7,,,,15.8,16.0,,36.5,0.0,1651.0,3470.6,3470.6,,,,1309.0,-36.5,,1309.0,4779.6,6430.6,0.0,3703.2,2839.5,863.7,-2924.0,4123.9,-103.3,4799.8,,4799.8,11230.4,
11/29/2009,11566.5,490.2,490.2,0.0,861.6,861.6,0.0,2192.2,740.1,112.6,1255.7,83.8,307.9,50.7,0.0,,255.3,3851.9,2690.0,5455.2,-2765.2,0.0,,5024.6,4328.7,3494.0,834.7,,,645.2,7714.6,,1728.2,956.4,,,771.8,261.7,1.2,,,,260.5,17.6,,28.0,0.0,2007.5,3223.1,3223.1,,,,1351.3,-28.0,,1351.3,4574.4,6581.9,0.0,3719.0,2839.6,879.4,-2920.1,4274.8,-89.1,4984.6,,4984.6,11566.5,
02/28/2010,11746.5,785.6,785.6,0.0,877.3,877.3,0.0,2021.2,577.0,187.9,1171.5,84.8,311.2,,,,264.8,3995.3,2734.0,5555.2,-2821.2,0.0,,5017.2,4323.1,3494.4,828.7,,,694.1,7751.2,,1735.1,883.9,,,851.2,261.6,0.6,,,,261.0,0.0,,21.8,0.0,1996.7,3225.2,3225.2,,,,1361.3,-21.8,,1361.3,4586.5,6583.2,0.0,3729.4,2839.7,889.7,-2885.1,4415.3,-96.3,5163.3,,5163.3,11746.5,
05/30/2010,11738.0,953.2,953.2,0.0,849.6,849.6,,1597.9,477.8,95.9,940.3,83.9,559.4,,252.1,,242.0,3960.1,2602.4,5352.6,-2750.2,,,5175.5,4424.7,3549.9,874.8,0.1,,750.7,7777.9,,1739.8,919.1,,,820.7,260.8,0.6,,,,260.2,35.6,,,13.4,2036.2,3226.4,3226.4,,,,1546.5,,750.9,795.6,4772.9,6809.1,,3737.2,2839.7,897.5,-2945.1,4417.1,-285.3,4923.9,5.0,4928.9,11738.0,
08/29/2010,11647.7,840.9,840.9,0.0,853.3,853.3,0.0,1769.3,503.3,104.0,1077.6,84.4,522.2,,0.0,,431.8,3985.7,2645.6,5494.5,-2848.9,0.0,,5016.4,4536.1,3602.0,934.1,,,480.3,7662.0,,1739.9,977.3,,,762.6,257.7,0.0,,,,257.7,80.8,,,0.6,2078.4,3214.3,3214.3,,,,1442.9,,,1442.9,4657.2,6735.6,0.0,3720.6,2839.7,880.9,-3010.8,4475.5,-278.2,4907.1,5.0,4912.1,11647.7,
11/28/2010,11603.5,545.2,545.2,0.0,902.5,902.5,0.0,1974.3,670.7,135.2,1080.2,88.2,771.8,,0.0,,657.1,4193.8,2666.1,5581.6,-2915.5,0.0,,4743.6,4539.6,3606.9,932.7,,,204.0,7409.7,,1843.8,1122.8,,,721.0,356.7,0.6,,,,356.1,79.5,,,0.0,2280.0,2879.9,2879.9,,,,1491.9,,,1491.9,4371.8,6651.8,0.0,3731.5,2839.7,891.8,-3097.1,4576.2,-263.9,4946.7,5.0,4951.7,11603.5,
02/27/2011,11472.8,882.9,882.9,0.0,876.7,876.7,0.0,1932.7,693.7,109.8,1043.4,85.8,343.2,,,,228.2,4035.5,2637.6,5655.8,-3018.2,0.0,,4799.7,4552.2,3611.1,941.1,,,247.5,7437.3,,1839.5,1031.3,,,808.2,359.4,0.0,,,,359.4,104.5,,,0.0,2303.4,2875.1,2875.1,,,,1670.1,,,1670.1,4545.2,6848.6,0.0,3741.2,2839.7,901.5,-3572.4,4692.9,-244.4,4617.3,6.9,4624.2,11472.8,
05/29/2011,11408.7,972.4,972.4,0.0,849.4,849.4,0.0,1803.4,639.5,83.1,992.9,87.9,274.1,0.0,,,187.0,3899.3,2670.1,5698.1,-3028.0,0.0,,4839.3,4545.7,3609.4,936.3,14.7,,278.9,7509.4,,1658.3,1083.7,0.0,0.0,574.6,363.5,0.0,,,,363.5,103.8,0.0,0.0,0.0,2125.6,2870.3,2870.3,,,,1736.1,0.0,638.5,1097.6,4606.4,6732.0,0.0,3738.8,2839.7,899.1,-3668.2,4690.3,-91.2,4669.7,7.0,4676.7,11408.7,
08/28/2011,11610.7,1095.2,1095.2,0.0,922.0,922.0,0.0,1815.3,575.8,106.8,1047.1,85.6,261.1,,0.0,,184.1,4093.6,2638.0,5708.0,-3070.0,0.0,,4879.1,4598.3,3609.0,989.3,,,280.8,7517.1,,1835.9,1165.5,,,670.4,376.8,0.0,,,,376.8,121.5,,,0.0,2334.2,2855.7,2855.7,,,,1690.5,,,1690.5,4546.2,6880.4,0.0,3720.1,2839.7,880.4,-3580.5,4842.3,-258.5,4723.4,6.9,4730.3,11610.7,
11/27/2011,11478.4,706.5,706.5,0.0,972.0,972.0,0.0,2032.0,687.6,143.7,1109.5,91.2,297.3,,0.0,,191.6,4007.8,2603.5,5726.0,-3122.5,0.0,,4867.1,4587.2,3602.5,984.7,,,279.9,7470.6,,2209.1,1404.9,,,804.2,48.3,0.0,,,,48.3,85.7,,,0.0,2343.1,2845.9,2845.9,,,,1601.7,,,1601.7,4447.6,6790.7,0.0,3728.0,2839.7,888.3,-3639.2,4915.1,-323.0,4680.9,6.8,4687.7,11478.4,
02/26/2012,11747.9,604.2,604.2,0.0,944.7,944.7,0.0,2002.9,678.4,111.2,1123.0,90.3,273.6,,,,190.1,3825.4,2651.5,5791.0,-3139.5,0.0,,5271.0,5021.9,3927.3,1094.6,,,249.1,7922.5,,2088.6,1169.9,,,918.7,46.3,3.0,,,,43.3,40.5,,,0.0,2175.4,2852.7,2852.7,,,,1596.9,,,1596.9,4449.6,6625.0,0.0,3736.2,2839.7,896.5,-3532.8,5086.6,-267.5,5022.5,100.4,5122.9,11747.9,
05/27/2012,11441.9,103.0,103.0,0.0,924.8,924.8,0.0,1869.6,563.8,96.5,1122.4,86.9,321.4,0.0,,,253.2,3218.8,2741.9,5995.7,-3253.8,0.0,,5481.2,5206.9,4015.4,1191.5,3.9,,270.4,8223.1,,1909.5,1190.3,0.0,0.0,719.2,78.1,40.0,,,,38.1,237.6,0.0,0.0,0.0,2225.2,2858.6,2858.6,,,,1822.1,0.0,812.6,1009.5,4680.7,6905.9,0.0,3741.2,2839.7,901.5,-3767.7,4765.1,-299.1,4439.5,96.5,4536.0,11441.9,
08/26/2012,11928.6,116.5,116.5,0.0,963.9,963.9,0.0,2065.7,568.5,131.3,1278.2,87.7,329.8,,,,206.8,3475.9,2784.5,5979.5,-3195.0,0.0,,5668.2,5387.8,4166.6,1221.2,,,280.4,8452.7,,2069.2,1224.7,,,844.5,295.2,272.0,,,,23.2,229.9,,,0.0,2594.3,2859.7,2859.7,,,,1824.4,,,1824.4,4684.1,7278.4,0.0,3737.5,2839.7,897.8,-3815.6,4917.7,-286.1,4553.5,96.7,4650.2,11928.6,
11/25/2012,12524.5,476.8,476.8,0.0,1037.8,1037.8,0.0,2249.1,726.1,187.6,1247.7,87.7,301.3,,,,219.4,4065.0,2792.5,6045.7,-3253.2,0.0,,5667.0,5409.1,4105.1,1304.0,,,257.9,8459.5,,2177.5,1397.1,,,780.4,9.2,0.0,,,,9.2,201.6,,,0.0,2388.3,3609.3,3609.3,,,,1826.6,,,1826.6,5435.9,7824.2,0.0,3749.9,2839.7,910.2,-3892.8,5027.5,-282.3,4602.3,98.0,4700.3,12524.5,
02/24/2013,21107.5,723.8,723.8,0.0,1219.3,1219.3,0.0,2648.3,877.5,151.1,1475.6,144.1,554.6,,,,469.9,5146.0,3807.2,7087.5,-3280.3,0.0,,12154.3,11844.6,8369.3,3475.3,,,309.7,15961.5,,2553.3,1501.7,,,1051.6,720.8,1.1,,,,719.7,148.4,,,0.0,3422.5,9845.3,9845.3,,,,2715.9,,,2715.9,12561.2,15983.7,0.0,3825.4,2839.7,985.7,-3582.3,5042.1,-262.0,5023.2,100.6,5123.8,21107.5,
05/26/2013,20405.3,183.9,183.9,0.0,1279.4,1279.4,0.0,2340.9,694.0,118.1,1394.6,134.2,575.6,0.0,64.8,,419.7,4379.8,3757.6,7086.9,-3329.3,0.0,0.0,12267.9,11830.3,8426.7,3403.6,6.6,,431.0,16025.5,,2533.0,1498.1,0.0,0.0,1034.9,702.9,185.0,,,,517.9,165.4,0.0,0.0,4.8,3401.3,8886.9,8886.9,,,,2754.1,0.0,748.3,2005.8,11641.0,15042.3,0.0,3845.9,2839.7,1006.2,-3514.9,5129.5,-196.1,5264.4,98.6,5363.0,20405.3,
08/25/2013,20468.8,194.2,194.2,0.0,1246.1,1246.1,0.0,2549.8,687.3,151.6,1568.0,142.9,467.3,,3.5,,369.4,4457.4,3905.8,7364.7,-3458.9,0.0,,12105.6,11800.0,8417.0,3383.0,,,305.6,16011.4,,2494.0,1552.0,,,942.0,867.6,282.2,,,,585.4,101.7,,,0.0,3463.3,8818.1,8818.1,,,,2735.6,,,2735.6,11553.7,15017.0,0.0,3844.1,2839.7,1004.4,-3477.8,5168.0,-169.6,5364.7,87.1,5451.8,20468.8,
11/24/2013,20786.4,192.7,192.7,0.0,1415.1,1415.1,0.0,2776.1,873.5,183.9,1577.8,140.9,371.7,,0.0,,299.0,4755.6,3932.3,7502.7,-3570.4,0.0,,12098.5,11811.8,8455.9,3355.9,,,286.7,16030.8,,2806.0,1783.7,,,1022.3,818.6,233.7,,,,584.9,104.9,,,0.0,3729.5,8771.1,8771.1,,,,2724.1,,,2724.1,11495.2,15224.7,0.0,3857.2,2839.7,1017.5,-3530.2,5311.4,-166.2,5472.2,89.5,5561.7,20786.4,
02/23/2014,20433.3,239.2,239.2,0.0,1275.6,1275.6,0.0,2498.7,770.6,151.2,1440.9,136.0,507.1,,56.0,,349.5,4520.6,3819.7,7459.8,-3640.1,0.0,,12093.0,11735.4,8427.2,3308.2,,,357.6,15912.7,,2459.1,1486.0,,,973.1,730.7,145.6,,,,585.1,50.7,,,6.3,3240.5,8760.7,8760.7,,,,2714.3,,,2714.3,11475.0,14715.5,0.0,3868.3,2839.7,1028.6,-3512.4,5440.4,-169.7,5626.6,91.2,5717.8,20433.3,
05/25/2014,19366.4,183.1,183.1,0.0,1393.2,1393.2,,2292.6,670.8,118.6,1364.1,139.1,361.9,,,,263.1,4230.8,3811.9,7569.9,-3758.0,,,11323.7,11042.3,7836.5,3205.8,18.8,,262.6,15135.6,,2382.8,1492.4,,,890.4,226.0,141.8,,,,84.2,33.6,,,0.0,2642.4,8767.6,8767.6,,,,2601.2,,700.0,1901.2,11368.8,14011.2,0.0,3876.6,2839.7,1036.9,-3494.4,5010.6,-134.3,5258.5,96.7,5355.2,19366.4,
08/24/2014,19373.1,133.7,133.7,0.0,1080.4,1080.4,0.0,2210.3,469.1,136.7,1477.2,127.3,267.0,,0.0,,236.2,3691.4,3667.6,7243.1,-3575.5,0.0,,12014.1,11013.6,7838.0,3175.6,,,1000.5,15681.7,,2295.0,1441.8,,,853.2,574.4,565.2,,,,9.2,30.7,,,0.0,2900.1,7916.8,7916.8,,,,2807.9,,,2807.9,10724.7,13624.8,0.0,3850.0,2839.7,1010.3,-3428.8,5386.6,-146.5,5661.3,87.0,5748.3,19373.1,
11/23/2014,19501.7,121.9,121.9,0.0,1201.1,1201.1,0.0,2532.9,694.5,189.9,1522.0,126.5,260.2,,0.0,,213.5,4116.1,3635.4,7304.8,-3669.4,0.0,,11750.2,10731.7,7616.8,3114.9,,,1018.5,15385.6,,2545.0,1643.4,,,901.6,809.6,550.7,,,,258.9,50.7,,,0.0,3405.3,7669.0,7669.0,,,,2772.3,,,2772.3,10441.3,13846.6,0.0,3861.7,2839.7,1022.0,-3403.0,5290.1,-179.7,5569.1,86.0,5655.1,19501.7,
02/22/2015,17868.9,137.3,137.3,0.0,1050.7,1050.7,0.0,2379.8,649.6,153.4,1449.1,127.7,355.5,,0.0,,257.3,3923.3,3579.9,7321.3,-3741.4,0.0,,10365.7,9367.8,6305.0,3062.8,,,997.9,13945.6,,2157.3,1334.4,,,822.9,1450.9,442.0,,,,1008.9,108.7,,,0.0,3716.9,6919.3,6919.3,,,,2694.1,,,2694.1,9613.4,13330.3,0.0,3874.2,2839.7,1034.5,-3388.9,4229.2,-261.6,4452.9,85.7,4538.6,17868.9,
05/31/2015,17437.8,164.7,164.7,0.0,739.0,739.0,0.0,1642.6,364.0,125.3,1073.1,80.2,1017.0,0.0,848.8,,128.7,3563.3,2644.6,6068.2,-3423.6,0.0,,11229.9,5817.1,4544.6,1272.5,20.5,,5392.3,13874.5,,1906.0,1080.0,0.0,0.0,826.0,1015.7,7.9,,,,1007.8,388.4,0.0,0.0,361.0,3310.1,6888.8,6809.8,79.0,79.0,,2628.9,0.0,775.0,1853.9,9517.7,12827.8,0.0,3889.1,2839.7,1049.4,-3364.7,4331.1,-329.5,4526.0,84.0,4610.0,17437.8,
08/30/2015,15834.3,114.3,114.3,0.0,837.3,837.3,0.0,1827.3,329.6,148.2,1267.8,81.7,923.1,,740.1,,136.7,3702.0,2659.0,6169.8,-3510.8,0.0,,9473.3,6082.2,4689.5,1392.7,,,3391.1,12132.3,,1951.5,1157.7,,,793.8,1570.4,4.7,8.4,8.4,,1557.3,325.0,,,283.6,3846.9,6299.6,6241.4,58.2,58.2,,2243.4,,,2243.4,8543.0,12389.9,0.0,3912.4,2839.7,1072.7,-3258.3,3069.0,-359.8,3363.3,81.1,3444.4,15834.3,
11/29/2015,15994.6,95.9,95.9,0.0,894.4,894.4,0.0,1975.6,451.7,182.5,1260.9,80.5,946.6,,777.8,,122.4,3912.5,2645.9,6207.4,-3561.5,0.0,,9436.2,6069.4,4685.5,1383.9,,,3366.8,12082.1,,2095.1,1195.5,,,899.6,1504.8,195.0,,,,1309.8,353.7,,,314.4,3953.6,6400.4,6272.1,128.3,128.3,,2125.9,,,2125.9,8526.3,12479.9,0.0,3925.8,2839.7,1086.1,-3229.2,3115.3,-378.1,3433.8,80.9,3514.7,15994.6,
02/28/2016,13187.2,502.6,502.6,0.0,849.6,849.6,0.0,1835.5,388.8,149.5,1218.0,79.2,339.8,,4.2,,296.9,3527.5,2645.7,6198.6,-3552.9,0.0,,7014.0,6054.0,4682.2,1371.8,,,960.0,9659.7,,1996.4,1007.8,,,988.6,597.0,36.6,,,,560.4,22.2,,,0.0,2615.6,4902.7,4777.1,125.6,125.6,,1936.4,,,1936.4,6839.1,9454.7,0.0,3947.3,2839.7,1107.6,-3175.5,3210.7,-329.0,3653.5,79.0,3732.5,13187.2,
05/29/2016,13390.6,834.5,834.5,0.0,836.6,836.6,0.0,1582.1,300.5,119.4,1082.9,79.3,323.5,0.0,117.0,,178.6,3576.7,2710.3,6209.2,-3498.9,0.0,,7103.6,5810.6,4533.8,1276.8,3.0,,1290.0,9813.9,,1864.7,945.4,0.0,0.0,919.3,610.2,38.8,,,,571.4,57.5,0.0,0.0,54.7,2532.4,4917.8,4768.6,149.2,149.2,,2145.6,0.0,1115.8,1029.8,7063.4,9595.8,0.0,3976.0,2839.7,1136.3,-3136.2,3218.3,-344.5,3713.6,81.2,3794.8,13390.6,
08/28/2016,12835.9,794.6,794.6,0.0,847.0,847.0,0.0,1637.9,248.5,113.0,1197.6,78.8,127.6,,0.0,,101.1,3407.1,2736.8,6291.6,-3554.8,0.0,,6692.0,5634.1,4390.6,1243.5,,,1057.9,9428.8,,1838.0,992.9,,,845.1,522.7,35.1,,,,487.6,4.1,,,0.0,2364.8,4451.4,4305.1,146.3,146.3,,2220.1,,,2220.1,6671.5,9036.3,0.0,3984.0,2839.7,1144.3,-3192.9,3290.7,-363.5,3718.3,81.3,3799.6,12835.9,
11/27/2016,11425.0,1442.5,1442.5,0.0,699.5,699.5,0.0,1113.7,187.2,140.0,736.8,49.7,89.3,,0.0,0.0,62.1,3345.0,1669.3,4229.7,-2560.4,0.0,,6410.7,5509.6,4248.7,1260.9,,,901.1,8080.0,,1506.3,784.1,,,722.2,237.7,6.7,,,,231.0,1.4,,,0.0,1745.4,3214.3,3079.0,135.3,135.3,,1938.5,,,1938.5,5152.8,6898.2,0.0,3997.7,2839.7,1158.0,-3294.6,4077.3,-333.7,4446.7,80.1,4526.8,11425.0,
02/26/2017,10499.0,683.6,683.6,0.0,601.4,601.4,0.0,1046.4,189.7,120.1,687.2,49.4,207.7,,0.0,0.0,204.0,2539.1,1655.8,4268.1,-2612.3,0.0,,6304.1,5504.8,4251.7,1253.1,,,799.3,7959.9,,1430.3,690.1,,,740.2,132.5,3.7,,,,128.8,2.1,,,0.0,1564.9,2841.7,2708.5,133.2,133.2,,1788.2,,,1788.2,4629.9,6194.8,0.0,4005.0,2839.7,1165.3,-3683.4,4171.0,-271.3,4221.3,82.9,4304.2,10499.0,
05/28/2017,10096.3,251.4,251.4,0.0,563.4,563.4,0.0,927.9,182.1,91.9,606.6,47.3,270.5,0.0,41.8,,225.9,2013.2,1633.1,4093.2,-2460.1,0.0,,6450.0,5519.0,4295.3,1223.7,17.1,741.3,172.6,8083.1,,1490.6,773.1,,,717.5,227.2,28.2,,,,199.0,2.7,0.0,0.0,0.0,1720.5,2769.2,2638.0,131.2,131.2,,1528.8,0.0,709.8,819.0,4298.0,6018.5,0.0,4011.6,2839.7,1171.9,-4054.9,4247.0,-212.9,3990.8,87.0,4077.8,10096.3,
08/27/2017,10225.6,251.4,251.4,0.0,577.1,577.1,0.0,1068.8,203.8,96.1,721.2,47.7,227.7,,39.2,,183.1,2125.0,1647.3,4198.2,-2550.9,0.0,,6453.3,5525.3,4301.7,1223.6,,,928.0,8100.6,,1523.8,845.7,,,678.1,522.2,323.5,,,,198.7,7.6,,,0.0,2053.6,2767.0,2638.1,128.9,128.9,,1522.4,,,1522.4,4289.4,6343.0,0.0,3999.6,2839.7,1159.9,-4337.2,4312.6,-181.2,3793.8,88.8,3882.6,10225.6,
11/26/2017,10400.1,84.0,84.0,0.0,683.8,683.8,0.0,1059.2,204.2,124.9,682.2,47.9,229.3,,45.8,0.0,179.2,2056.3,1642.0,4236.8,-2594.8,0.0,,6701.8,5755.2,4457.0,1298.2,,,946.6,8343.8,,1581.4,886.7,,,694.7,265.9,67.1,,,,198.8,3.0,,,0.0,1850.3,3261.8,3134.8,127.0,127.0,,1501.5,,,1501.5,4763.3,6613.6,0.0,4006.5,2839.7,1166.8,-4607.9,4464.3,-165.2,3697.7,88.8,3786.5,10400.1,
02/25/2018,10463.2,132.9,132.9,0.0,603.4,603.4,0.0,1016.7,213.7,108.0,646.8,48.2,305.1,,51.8,0.0,251.2,2058.1,1627.3,4116.8,-2489.5,0.0,,6777.8,5807.1,4506.7,1300.4,,,970.7,8405.1,,1559.1,869.6,,,689.5,429.6,352.3,,,,77.3,2.0,,,0.0,1990.7,3232.9,3136.6,96.3,96.3,,1430.1,,,1430.1,4663.0,6653.7,0.0,4013.4,2839.7,1173.7,-4876.2,4758.8,-175.5,3720.5,89.0,3809.5,10463.2,
05/27/2018,10389.5,128.0,128.0,0.0,569.4,569.4,0.0,988.7,202.9,91.8,647.8,46.2,252.8,0.0,67.9,,179.1,1938.9,1589.5,4008.5,-2419.0,0.0,,6861.1,5770.2,4487.4,1282.8,103.0,776.2,211.7,8450.6,,1737.5,905.3,,,832.2,584.3,277.3,,,,307.0,14.4,0.0,0.0,13.9,2336.2,3231.5,3136.8,94.7,94.7,,1065.2,0.0,261.7,803.5,4296.7,6632.9,0.0,4019.7,2839.7,1180.0,-4977.9,4744.9,-110.5,3676.2,80.4,3756.6,10389.5,
08/26/2018,10485.0,74.8,74.8,0.0,599.2,599.2,0.0,1108.5,189.4,94.8,776.6,47.7,264.0,,39.3,,221.9,2046.5,1636.3,4111.8,-2475.5,0.0,,6802.2,5774.6,4499.4,1275.2,,,1027.6,8438.5,,1759.2,984.0,,,775.2,611.6,304.1,,,,307.5,62.6,,,0.0,2433.4,3233.7,3137.7,96.0,96.0,,1002.9,,,1002.9,4236.6,6670.0,0.0,4005.3,2839.7,1165.6,-4954.6,4841.5,-155.7,3736.5,78.5,3815.0,10485.0,
11/25/2018,23006.8,442.3,442.3,0.0,958.1,958.1,0.0,1729.7,265.0,211.1,1179.1,74.5,145.3,,36.6,,104.3,3275.4,2360.8,4875.9,-2515.1,0.0,,17370.6,16299.4,11167.2,5132.2,,,1071.2,19731.4,,2213.0,1246.1,,,966.9,18.1,0.9,,,,17.2,3.4,,,0.0,2234.5,11545.4,11388.7,156.7,156.7,,1923.6,,,1923.6,13469.0,15703.5,0.0,5202.0,2921.2,2280.8,-2772.8,4886.4,-91.5,7224.1,79.2,7303.3,23006.8,
02/24/2019,22726.6,282.2,282.2,0.0,870.2,870.2,0.0,1638.6,280.8,184.5,1103.3,70.0,155.1,,47.5,,99.7,2946.1,2358.6,4887.9,-2529.3,0.0,,17421.9,16311.8,11349.8,4962.0,,,1110.1,19780.5,,2203.1,1189.2,,,1013.9,19.9,0.0,,,,19.9,18.7,,,13.9,2241.7,11107.7,10938.9,168.8,168.8,,1925.7,,,1925.7,13033.4,15275.1,0.0,5198.4,2921.2,2277.2,-2765.0,5025.3,-85.7,7373.0,78.5,7451.5,22726.6,
05/26/2019,22213.8,236.6,236.6,0.0,818.2,818.2,0.0,1548.9,272.9,126.9,1083.1,66.0,130.1,0.0,36.7,,87.0,2733.8,2327.4,4906.3,-2578.9,0.0,,17152.6,15974.7,11435.4,4539.3,61.2,796.3,320.4,19480.0,,2114.1,1252.1,,,862.0,21.6,1.0,,,,20.6,6.9,0.0,0.0,5.1,2142.6,10655.7,10490.3,165.4,165.4,,1951.8,0.0,262.5,1689.3,12607.5,14750.1,0.0,5207.2,2921.2,2286.0,-2760.2,5047.9,-110.3,7384.6,79.1,7463.7,22213.8,
08/25/2019,22354.5,64.7,64.7,0.0,776.3,776.3,0.0,1755.7,263.7,155.8,1268.1,68.1,131.3,,22.6,,106.3,2728.0,2577.3,5226.3,-2649.0,0.0,,17049.2,15987.1,11462.3,4524.8,,,1062.1,19626.5,,2180.0,1316.9,,,863.1,259.2,35.9,73.2,20.1,53.1,150.1,10.7,,,7.0,2449.9,10535.8,10182.6,353.2,140.8,212.4,1852.0,,,1852.0,12387.8,14837.7,0.0,5198.7,2921.2,2277.5,-2744.2,5118.0,-132.4,7440.1,76.7,7516.8,22354.5,
11/24/2019,22492.6,192.0,192.0,0.0,947.6,947.6,0.0,1770.4,268.4,217.4,1214.4,70.2,119.6,,19.1,,98.4,3029.6,2557.2,5218.1,-2660.9,0.0,,16905.8,15937.0,11442.9,4494.1,,,968.8,19463.0,,2202.0,1441.6,,,760.4,1221.2,0.5,67.2,20.3,46.9,1153.5,2.6,,,0.5,3425.8,9524.4,9160.3,364.1,135.6,228.5,1851.8,,,1851.8,11376.2,14802.0,0.0,5208.1,2921.2,2286.9,-2739.7,5274.7,-131.0,7612.1,78.5,7690.6,22492.6,
02/23/2020,22202.1,99.0,99.0,0.0,854.2,854.2,0.0,1646.5,274.9,175.5,1124.4,71.7,109.7,,4.7,,103.5,2709.4,2539.2,5300.1,-2760.9,0.0,,16953.5,15922.5,11443.1,4479.4,,,1031.0,19492.7,,2150.1,1357.4,,,792.7,972.1,0.8,68.3,20.8,47.5,903.0,4.9,,,0.0,3127.1,9311.4,8962.1,349.3,131.6,217.7,1899.7,,,1899.7,11211.1,14338.2,0.0,5214.2,2921.2,2293.0,-2732.4,5375.2,-72.0,7785.0,78.9,7863.9,22202.1,
05/31/2020,22304.0,553.3,553.3,0.0,860.8,860.8,0.0,1377.9,291.6,125.2,887.8,73.3,93.9,0.0,0.0,,90.2,2885.9,2598.9,5399.2,-2800.3,0.0,,16819.2,15752.0,11436.3,4315.7,202.4,798.7,66.1,19418.1,,2394.5,1525.6,,,868.9,891.0,1.1,44.4,,44.4,845.5,1.9,0.0,0.0,0.0,3287.4,9106.9,8767.9,339.0,132.9,206.1,1959.0,0.0,324.9,1634.1,11065.9,14353.3,0.0,5244.4,2921.2,2323.2,-2729.9,5471.2,-109.6,7876.1,74.6,7950.7,22304.0,
