Date,Total Assets,Cash & Cash Equivalents,Interbanking Assets,Fed Funds Sold & Repos,Other Interbank Assets,ST And LT Investments,Trading Securities/FVTPL,Available for Sales/FVTOCI,Held to Maturity/Amortized at Cost,Other Investments,Total Commercial Loans,Commercial RE Loans,Other Commercial Loans,Total Consumer Loans,Credit Card Loans,Home Equity Loans,1-4 Family Residential Loans,Auto Loans,Other Consumer Loans,Other Loans,Total Loans,Reserve for Loan Losses,Net Loans,Net Fixed Assets,"Property, Plant & Equip",Total Intangible Assets,Goodwill,Other Intangible Assets,Total Deferred Tax Assets,Total Derivative Assets,Customer Acceptances & Liab,Other Assets,Liabilities & Shareholders' Equity,Demand Deposits,Interest Bearing Deposits,Saving Deposits,Time Deposits,Other Deposits,Total Deposits,ST Borrowings & Repos,ST Lease Liabilities,ST Finance Leases,ST Operating Leases,Current Portion of LT Debt,ST Borrowings,LT Debt,LT Lease Liabilities,LT Finance Leases,LT Operating Leases,LT Borrowings,Pension Liabilities,Pensions,Other Post-Ret Benefits,Total Deferred Tax Liabilities,Total Derivative Liabilities,Other Liabilities,Total Liabilities,Preferred Equity and Hybrid Capital,Share Capital & APIC,Common Stock,Additional Paid in Capital,Treasury Stock,Retained Earnings,Other Equity,Equity before Minority Interest,Minority/Non Controlling Interest,Total Equity,Total Liabilities & Equity,Source: Bloomberg
03/31/1990,5309.565918,309.937012,17.809999,,,1089.937943,,,,,,,,,,,,,,,3681.875,-38.896999,3642.978027,104.849998,,,,,,,1.919,142.133937,,776.802979,3813.852051,,3813.852051,0.0,4590.654785,133.278,,,,,,19.872,,,,,,,,,,,,0.0,128.084,,,-11.013,,377.368011,494.439011,0.0,494.439011,,
06/30/1990,5362.876953,356.662994,0.51,,,1050.965987,,,,,,,,,,,,,,,3744.364014,-41.248001,3703.115967,104.167999,,,,,,,2.097,145.357006,,755.023987,3880.131104,,3880.131104,0.0,4635.154785,139.003998,,,,,,18.834999,,,,,,,,,,,,0.0,128.311996,,,-11.473,,386.933998,503.772995,0.0,503.772995,,
09/30/1990,6092.821777,346.77301,1.51,,,1378.44703,,,,,,,,,,,,,,,4066.560059,-42.994999,4023.564941,105.181,,,,,,,2.852,234.493796,,799.471985,4502.035156,,4502.035156,0.0,5301.506836,175.227997,,,,,,20.414,,,,,,,,,,,,0.0,128.744995,,,-12.32,,397.623009,514.048004,0.0,514.048004,,
12/31/1990,6344.405762,323.423004,61.414001,,,1605.816948,,,,,2298.524902,,,1793.737061,,,,,,0.0,4092.261963,-44.984001,4047.277962,110.171997,,,,,,,8.002,188.29985,,851.869995,4501.341064,1523.072998,2978.268066,0.0,5353.210938,364.100006,,,,,,17.878,,,,,,,,,,,,0.0,128.753006,,,-12.32,,407.698998,524.132004,0.0,524.132004,,
03/31/1991,6338.187012,323.035004,121.292,,,1609.930046,,,,,,,,,,,,,,,4011.25708,-47.825001,3963.431885,110.838997,,,,,,,17.368999,192.290081,,800.195984,4595.905762,,4595.905762,0.0,5396.102051,295.359985,,,,,,19.645,,,,,,,,,,,,0.0,129.473999,,,-12.32,,418.413994,535.567993,0.0,535.567993,,
06/30/1991,6323.660156,274.005005,70.330002,,,1596.742966,,,,,,,,,,,,,,,4121.265137,-51.377998,4069.886963,110.126999,,,,,,,8.668,193.900222,,797.966003,4711.536133,,4711.536133,0.0,5509.501953,170.421997,,,,,,18.582001,,,,,,,,,,,,0.0,130.276993,,,-12.321,,429.770005,547.725998,0.0,547.725998,,
09/30/1991,6499.424805,339.648987,144.317001,,,1606.351044,,,,,,,,,,,,,,,4134.855957,-53.778,4081.077881,108.496002,,,,,,,5.655,213.87889,,871.343018,4822.776855,,4822.776855,0.0,5694.120117,141.175003,,,,,,19.320999,,,,,,,,,,,,0.0,130.714996,,,-12.32,,442.499992,560.894989,0.0,560.894989,,
12/31/1991,6745.053223,327.812012,151.673996,,,1701.139977,,,,,2365.441895,,,1909.515991,,,,,,0.0,4274.958008,-54.769001,4220.189007,111.686996,,,,,,,22.829,209.722235,,874.671021,5042.357055,1878.246948,3164.110107,0.0,5917.027832,136.018997,,,,,,16.190001,,,,,,,,,,,,0.0,132.639999,,,-12.32,,452.650994,572.970993,0.0,572.970993,,
03/31/1992,7118.224121,437.126007,298.105011,,,1821.097977,,,,,,,,,,,,,,,4256.837891,-58.848999,4197.98877,114.056,,,,,,,37.943001,211.907356,,937.400024,5284.470215,,5284.470215,0.0,6221.870117,134.360001,,,,,,52.679001,,,,,,,,,,,,0.0,132.867996,,,-12.32,,466.581993,587.12999,0.0,587.12999,,
06/30/1992,7037.416016,306.725006,167.009995,,,1782.088959,,,,,,,,,,,,,,,4509.341797,-64.224998,4445.117188,113.804001,,,,,,,11.738,210.932868,,899.013,5235.018066,,5235.018066,0.0,6134.030762,164.179001,,,,,,51.040001,,,,,,,,,,,,0.0,136.559006,,,-12.32,,478.398003,602.637009,0.0,602.637009,,
09/30/1992,7367.095215,343.256989,158.753006,,,1894.300003,,,,,,,,,,,,,,,4706.344238,-68.223,4638.121094,116.669998,,,,,,,5.733,210.261126,,929.117004,5372.245117,,5372.245117,0.0,6301.361816,294.265991,,,,,,61.444,,,,,,,,,,,,0.0,136.768005,,,-12.32,,495.563988,620.011993,0.0,620.011993,,
12/31/1992,7881.025879,496.54599,72.637001,,,1889.871048,,,,,2686.020996,,,2448.85791,,,,,,0.0,5134.878906,-73.619003,5061.259903,115.871002,,,,,,,27.177999,217.662936,,1041.987061,5659.154785,2733.743896,2925.410889,0.0,6701.14209,256.165985,,,,,,133.983002,,,,,,,,,,,,0.0,155.955994,,,-12.32,,513.019005,656.654999,0.0,656.654999,,
06/30/1993,8070.568848,452.315002,10.057,,,1895.595032,,,,,,,,,,,,,,,5426.180176,-86.160004,5340.02002,118.098,,,,,,,36.848,217.635795,,1024.963989,5838.586914,,5838.586914,0.0,6863.550781,252.576996,,,,,,141.819,,,,,,,,,,,,0.0,293.932007,,,-28.712999,,421.436998,686.656006,0.0,686.656006,,
09/30/1993,8145.837891,405.484009,6.019,,,1884.702957,,,,,,,,,,,,,,,5578.326172,-86.939003,5491.387207,118.775002,,,,,,,15.68,223.789716,,1137.005005,5906.041016,,5906.041016,0.0,7043.045898,138.009995,,,,,,141.841995,,,,,,,,,,,,0.0,293.957001,,,-28.712999,,440.77199,706.015991,0.0,706.015991,,
12/31/1993,10476.349609,462.032013,117.754997,,,2674.478058,,,,,1760.420044,,,5072.826172,,,,,,0.0,6833.246094,-100.762001,6732.484093,140.205994,,,,,,,75.913002,273.481452,,1196.685059,7574.008789,3504.378906,4069.629883,0.0,8770.694336,280.313995,,,,,,386.30899,,,,,,,,,,,,0.0,402.558014,,,-12.32,,460.727013,850.965027,0.0,850.965027,,
03/31/1994,10890.110352,433.92099,80.837997,,,2861.231995,,,,,,,,,,,,,,,7114.419922,-107.367996,7007.051758,148.608994,,,,,,,71.095001,287.363617,,1194.177002,7986.625977,,7986.625977,0.0,9180.802734,133.272995,,,,,,450.174011,,,,,,,,,,,,0.0,417.765991,,,-12.441,,510.077993,915.402985,0.0,915.402985,,
06/30/1994,11091.990234,401.463013,19.813999,,,2870.963013,,,,,0.0,,,0.0,,,,,,0.0,7439.714844,-110.293999,7329.420898,148.434006,,,,,,,46.348,275.547306,,1208.894043,7820.263184,0.0,7820.263184,0.0,9029.157227,529.021973,,,,,,437.572998,,,,,,,,,,,,0.0,418.299011,,,-16.275999,,527.454985,929.477997,0.0,929.477997,,
09/30/1994,11669.959961,470.005005,40.257,,,2761.132935,,,,,,,,,,,,,,,8037.888184,-112.863998,7925.023926,147.768997,,,,,,,33.852001,291.920097,,1280.713013,7989.143066,,7989.143066,0.0,9269.856445,734.406982,,,,,,612.197998,,,,,,,,,,,,0.0,418.255005,,,-63.758999,,547.037014,901.53302,0.0,901.53302,,
12/31/1994,12839.320312,551.083984,45.703999,,,2738.512024,,,,,4323.919922,,,4693.881836,,,,,,0.0,9017.801758,-116.987999,8900.813759,160.800995,,,,,,,110.519997,331.885554,,1450.329956,8642.805175,3628.74707,5014.058105,0.0,10093.129883,1070.92395,,,,,,459.855011,,,,,,,,,,,,0.0,460.03299,,,-12.441,,566.277975,1013.869965,0.0,1013.869965,,
03/31/1995,16200.280273,602.663025,170.322006,,,3383.165039,,,,,,,,,,,,,,,11412.740234,-152.621994,11260.120117,250.108994,,,,,,,86.629997,447.271095,,1725.541016,11396.150391,,11396.150391,0.0,13121.69043,875.940002,,,,,,606.661987,,,,,,,,,,,,0.0,569.632019,,,-12.441,,801.77297,1358.963989,0.0,1358.963989,,
06/30/1995,16606.509766,646.27002,173.951996,,,3576.11792,,,,,,,,,,,,,,,11623.889648,-155.352005,11468.540039,251.931,,,,,,,37.769001,451.92979,,1843.694946,11513.040039,,11513.040039,0.0,13356.740234,977.789978,,,,,,691.408997,,,,,,,,,,,,0.0,553.487976,,,-12.441,,842.592978,1383.639954,0.0,1383.639954,,
09/30/1995,16959.789062,734.401978,118.920998,,,3964.605835,,,,,,,,,,,,,,,11567.330078,-157.442001,11409.879883,255.263,,,,,,,15.561,461.156369,,1797.215942,11532.089844,,11532.089844,0.0,13329.30957,1362.295044,,,,,,653.43103,,,,,,,,,,,,0.0,555.153992,,,-12.441,,875.342978,1418.055969,0.0,1418.055969,,
12/31/1995,16851.769531,587.161011,122.816002,,,4009.738037,,,,,3198.919922,,,8343.390625,,,,,,0.0,11542.30957,-159.487,11382.82257,254.992004,,,,,,,51.285999,442.953908,,1864.969971,11632.60498,4514.25,7118.35498,0.0,13497.610352,1068.597046,,,,,,632.018982,,,,,,,,,,,,0.0,543.932983,,,-25.084999,,910.405006,1429.25299,0.0,1429.25299,,
03/31/1996,17531.419922,578.338989,174.395004,,,4294.121948,,,,,,,,,,,,,,,11864.360352,-167.065994,11697.290039,259.924011,,,,,,,49.662998,477.686932,,1888.098999,12294.509766,,12294.509766,0.0,14182.610352,1124.633057,,,,,,501.519989,,,,,,,,,,,,0.0,553.245972,,,0.0,,929.544006,1482.789978,0.0,1482.789978,,
06/30/1996,17920.609375,677.25,126.973999,,,4162.738037,,,,,,,,,,,,,,,12371.969727,-171.436005,12200.530273,263.427002,,,,,,,16.4,473.290064,,1968.463013,12646.25,,12646.25,0.0,14614.719727,1275.578979,,,,,,457.188995,,,,,,,,,,,,0.0,557.684998,,,-84.622002,,969.720024,1442.78302,0.0,1442.78302,,
09/30/1996,18731.419922,791.283997,124.272003,,,4147.229858,,,,,,,,,,,,,,,13032.240234,-178.434998,12853.799805,273.278015,,,,,,,11.662,529.894244,,2111.852051,13075.099609,,13075.099609,0.0,15186.950195,1365.735962,,,,,,447.959015,,,,,,,,,,,,0.0,558.401001,,,-12.356,,1008.694989,1554.73999,0.0,1554.73999,,
12/31/1996,18930.179688,774.848999,54.033001,,,4070.104004,,,,,3710.103027,,,9601.069336,,,,,,0.0,13311.169922,-175.548004,13135.621918,276.890015,,,,,,,78.108002,540.573749,,1909.17395,13139.161622,4839.36377,8299.797852,0.0,15048.339844,1691.347046,,,,,,367.848999,,,,,,,,,,,,0.0,559.893005,,,-12.356,,1051.189008,1598.726013,0.0,1598.726013,,
03/31/1997,21819.880859,571.752991,169.792999,,,4731.012939,,,,,,,,,,,,,,,15503.709961,-207.095993,15296.620117,328.497986,,,,,,,85.157997,637.04583,,2225.185059,15447.160156,,15447.160156,0.0,17672.339844,1426.754028,,,,,,557.721985,,,,,,,,,,,,0.0,704.390015,,,0.0,,1183.474976,1887.86499,0.0,1887.86499,,
06/30/1997,22720.279297,672.718994,183.298004,,,4746.907471,,,,,,,,,,,,,,,16288.639648,-211.813004,16076.830078,331.619995,,,,,,,47.115002,661.789753,,2327.375977,15780.69043,,15780.69043,0.0,18108.060547,1921.161011,,,,,,489.290009,,,,,,,,,,,,0.0,743.625,,,0.0,,1199.270996,1942.895996,0.0,1942.895996,,
09/30/1997,30451.529297,1213.389038,432.313995,,,6488.936035,,,,,,,,,,,,,,,21215.480469,-294.511993,20920.960938,456.917999,,,,,,,29.992001,909.019291,,3771.696045,20927.679688,,20927.679688,0.0,24699.369141,2285.049072,,,,,,456.346985,,,,,,,,,,,,0.0,1116.375,,,-18.478001,,1516.946995,2614.843994,0.0,2614.843994,,
12/31/1997,31414.060547,1177.563965,340.351013,,,6750.672119,,,,,6656.403809,,,15224.719727,,,,,,0.0,21881.119141,-304.21875,21576.900391,458.791992,,250.167007,,,,,157.263,702.35106,,3744.197998,21266.828125,8068.917969,13197.910156,0.0,25011.019531,2707.351074,,,,,,445.528992,,,,,,,,,,,,0.0,1220.712036,,,-13.855,,1472.964009,2679.821045,0.0,2679.821045,,
03/31/1998,33925.050781,1343.68103,524.940979,,,7527.582032,,,,,,,,,,,,,,,23235.919922,-329.050995,22906.869141,511.752991,,,,,,,141.947998,968.27661,,3871.913086,23553.199219,,23553.199219,0.0,27425.109375,2747.894043,,,,,,431.290985,,,,,,,,,,,,0.0,1264.089966,,,-0.634,,1574.988004,2838.44397,0.0,2838.44397,,
06/30/1998,34726.820312,1393.96106,344.299988,,,7968.278077,,,,,,,,,,,,,,,23658.300781,-331.632996,23326.660156,519.718994,,,,,,,64.219002,1109.683035,,3869.689941,23382.330078,,23382.330078,0.0,27252.019531,3706.789062,,,,,,421.665009,,,,,,,,,,774.443002,32154.916604,0.0,1265.595947,,,-0.634,1654.807,7.243016,2927.011963,0.0,2927.011963,35081.928567,
09/30/1998,35076.269531,1225.98999,258.743011,,,8449.306885,,,,,,,,,,,,,,,23852.210938,-325.238007,23526.970703,514.08197,,,,,,,16.813999,1084.362972,,3875.059082,23309.839844,,23309.839844,0.0,27184.890625,3897.74292,,,,,,424.175995,,,,,,,,,,,,0.0,1280.786987,,,-0.634,,1677.499967,2957.652954,0.0,2957.652954,,
12/31/1998,36831.941406,1619.005981,377.906006,,,8946.192139,,,,,8985.06543,,,15380.519531,,,,,,0.0,24365.589844,-315.411987,24050.169922,534.424988,,354.501007,,,,,57.046001,892.695362,,4577.125,23772.94043,9180.130859,14592.80957,0.0,28350.066406,4540.847168,,,,,,526.93103,,,,,,,,,,,,0.0,1285.672974,,,-32.603001,,1747.330051,3000.400024,0.0,3000.400024,,
03/31/1999,38601.761719,1243.942017,124.581001,,,10041.194824,,,,,,,,,,,,,,,25540.240234,-330.151001,25210.089844,559.241028,,,,,,,73.036003,1349.677002,,4473.304199,24657.75,,24657.75,0.0,29131.050781,5498.13916,,,,,,497.429993,,,,,,,,,,,,0.0,1307.128052,,,-0.034,,1811.426944,3118.520996,0.0,3118.520996,,
06/30/1999,39786.578125,1350.475952,135.447006,,,10130.800049,,,,,,,,,,,,,,,26552.689453,-326.981995,26225.699219,571.564026,,,,,,,54.339001,1318.252872,,4569.26416,23857.949219,,23857.949219,0.0,28427.210938,7436.790039,,,,,,388.377014,,,,,,,,,,,,0.0,1308.005981,,,-0.034,,1823.469059,3131.44104,0.0,3131.44104,,
09/30/1999,41229.160156,1249.061035,138.690002,,,10746.974121,,,,,,,,,,,,,,,27511.470703,-330.678986,27180.789062,575.138977,,,,,,,29.614,1308.892958,,4624.868164,25179.179688,,25179.179688,0.0,29804.0,7653.632812,,,,,,371.14801,,,,,,,,,,,,0.0,1309.431,,,-172.056,1969.67,-87.108019,3019.936981,0.0,3019.936981,,
12/31/1999,42714.398438,1393.417969,75.731003,,,11494.718018,,,,,10668.669922,,,17476.009766,,,,,,0.0,28144.679688,-338.375,27806.300781,580.70697,,409.371002,,,,,72.098,882.054695,,4419.692871,25569.410156,11433.459961,14135.950195,0.0,29989.099609,7693.630859,,,,,,1682.214966,,,,,,,,,,,,0.0,1160.722046,,,0.0,,1904.385986,3065.108032,0.0,3065.108032,,
03/31/2000,41418.398438,1038.302979,113.737999,,,9507.98877,,,,,,,,,,,,,,,29081.289062,-352.997986,28728.289062,585.934021,,,,,,,85.624001,1358.521606,,4853.154785,27101.230469,,27101.230469,0.0,31954.380859,3888.589111,,,,,,2032.411011,,,,,,,,,,,,0.0,1190.490967,,,-38.695999,,1988.939041,3140.734009,0.0,3140.734009,,
06/30/2000,42901.519531,1140.765991,74.309998,,,9621.13623,,,,,,,,,,,,,,,30390.990234,-363.475006,30027.519531,588.697021,,,,,,,53.969002,1395.121758,,4573.880859,27935.019531,,27935.019531,0.0,32508.900391,4483.369141,,,,,,2370.147949,,,,,,,,,,,,0.0,1195.47998,,,-73.941002,,2065.895958,3187.434937,0.0,3187.434937,,
09/30/2000,43627.101562,1076.869019,249.005005,,,9425.703125,,,,,,,,,,,,,,,31204.060547,-373.700012,30830.359375,596.900024,,,,,,,24.274,1423.991014,,4561.388184,27424.269531,,27424.269531,0.0,31985.650391,3522.176025,,,,,,4392.398926,,,,,,,,,,,,0.0,1197.340942,,,-18.988001,2264.476,-82.921105,3359.907837,0.0,3359.907837,,
12/31/2000,43688.289062,1210.871948,98.795998,,,9230.51001,,,,,12349.290039,,,19027.179688,,,,,,0.0,31376.470703,-376.507996,30999.960938,598.632019,,473.807007,,,,,107.912003,967.799141,,4512.891113,27509.599609,12775.719727,14733.879883,0.0,32022.490234,3692.206055,,,,,,3918.962891,,,,,,,,,,,,0.0,1197.838013,,,-67.135002,,2327.240959,3457.94397,0.0,3457.94397,,
03/31/2001,46143.230469,1043.984009,1336.801025,,,9597.129623,,,,,,,,,,,,,,,31646.359375,-381.570007,31264.789062,624.841003,,,,,,,107.472,2168.213747,,4420.949219,26761.910156,,26761.910156,0.0,31182.859375,3797.489014,,,,,,5220.594238,,,,,,,,,,,,0.0,1356.887939,,,0.0,,2444.571045,3801.458984,0.0,3801.458984,,
06/30/2001,45139.089844,1053.194946,1252.584961,,,8868.984257,,,,,,,,,,,,,,,31513.699219,-384.324005,31129.380859,621.791992,,,,,,,69.679001,2143.473827,,4650.208984,26509.070312,,26509.070312,0.0,31159.279297,4359.329102,,,,,,4936.85498,,,,,,,,,,,,0.0,1370.39502,,,-43.397999,,2499.363087,3826.360107,0.0,3826.360107,,
09/30/2001,45684.011719,1103.077026,1171.880981,,,9314.596844,,,,,,,,,,,,,,,31506.470703,-386.471008,31120.0,623.103027,,,,,,,44.269001,2307.084839,,4655.075195,25918.109375,,25918.109375,0.0,30573.189453,5160.423828,,,,,,4810.541992,,,,,,,,,,,,0.0,1371.848999,,,-52.507999,,2629.454044,3948.795044,0.0,3948.795044,,
12/31/2001,45382.710938,1239.598022,759.729004,,,9479.248241,,,,,13585.219727,,,17300.130859,,,,,,0.0,30885.349609,-419.166992,30466.179688,647.176025,,1032.140991,1030.44104,1.699951,,,63.854,1694.784966,,5085.336914,26462.990234,14972.540039,11490.450195,0.0,31548.320312,4098.399902,,,,,,4747.673828,,,,,,,,,,,,0.0,1396.609985,,,0.0,,2639.155029,4035.765015,0.0,4035.765015,,
03/31/2002,44245.980469,961.034973,450.718994,,,9010.497375,,,,,,,,,,,,,,,31317.509766,-429.576996,30887.929688,644.263977,,,,,,,70.039001,2221.496461,,4875.805176,25201.580078,,25201.580078,0.0,30077.390625,4451.101074,,,,,,4711.217773,,,,,,,,,,,,0.0,1412.598999,,,-37.553001,,2712.030052,4087.07605,0.0,4087.07605,,
06/30/2002,46146.449219,938.870972,874.961975,,,9890.339687,,,,,17534.449219,,,14223.629883,,,,,,0.0,31758.080078,-432.623993,31325.460938,644.583984,,,,,,,53.844002,2418.387661,,4876.716797,26151.900391,,26151.900391,0.0,31028.609375,4903.652832,,,,,,5369.467773,,,,,,,,,,,,0.0,1421.464966,,,-358.199005,,2874.327911,3937.593872,0.0,3937.593872,,
09/30/2002,47393.488281,1220.391968,471.936005,,,11734.157726,,,,,19282.330078,,,11805.209961,,,,,,0.0,31087.539062,-435.798004,30651.740234,642.375977,,,,,,,36.063999,2636.822372,,5062.053223,27112.729492,13347.549805,13765.179688,0.0,32174.789062,4633.296875,,,,,,5543.75293,,,,,,,,,,,,0.0,1429.176025,,,-358.199005,,3012.87796,4083.85498,0.0,4083.85498,,
12/31/2002,47938.839844,1577.536011,638.349976,,,11278.439274,,,,,19182.119141,,,11803.660156,,,,,,432.337006,31418.119141,-437.164001,30980.949219,638.031006,,1066.953979,1061.553955,5.400024,,,60.32,1698.26038,,5147.688965,27778.509766,15659.410156,12119.099609,0.0,32926.199219,4237.820801,,,,,,5233.745117,,,,,,,,,,,,0.0,1075.293945,,,0.0,2952.656982,150.470947,4178.421875,0.0,4178.421875,,
03/31/2003,48464.589844,1216.597046,556.651978,,,11571.869196,,,,,19824.25,,,11736.759766,,,,,,448.540985,32009.550781,-449.70401,31559.839844,628.473022,,,,,,,71.390999,2859.767759,,5287.381836,27082.0,14253.919922,12828.080078,0.0,32369.380859,5231.584961,,,,,,5392.131836,,,,,,,,,,,,0.0,1089.38501,,,0.0,,3181.584961,4270.969971,0.0,4270.969971,,
06/30/2003,49548.328125,1235.107056,726.54303,,,11904.641571,,,,,19478.990234,,,12236.209961,,,,,,682.432983,32397.630859,-456.671997,31940.960938,623.049988,,,,,,,19.912001,3098.113543,,5530.776855,26335.740234,14265.709961,12070.030273,0.0,31866.519531,6093.202148,,,,,,5439.448242,,,,,,,,,,,,0.0,1104.343994,,,0.0,3142.721924,123.234131,4370.300049,0.0,4370.300049,,
09/30/2003,48794.21875,1262.979004,647.546997,,,11857.29361,,,,,19221.380859,,,12363.0,,,,,,509.572998,32093.960938,-456.040009,31637.919922,626.187988,,,,,,,10.074,2752.217229,,5546.705078,27070.229492,14331.05957,12739.169922,0.0,32616.939453,4962.434082,,,,,,5603.532227,,,,,,,,,,,,0.0,1115.33606,,,-27.497,3236.284912,70.724051,4394.848022,0.0,4394.848022,,
12/31/2003,48598.0,1255.853027,674.526001,,,11145.73304,,,,,19545.869141,,,12638.459961,,,,,,503.575012,32687.900391,-454.057007,32233.839844,629.638,,1087.540039,1083.439941,4.100098,,,61.053001,1509.817047,,5717.74707,27014.792969,19161.300781,7853.492188,0.0,32732.539062,4788.145996,,,,,,5350.644043,,,,,,,,,,,,0.0,1123.266968,,,-49.944,3329.022949,49.768951,4452.114868,0.0,4452.114868,,
03/31/2004,48776.941406,970.762024,696.471985,,,10732.709726,,,,,20057.529297,,,12712.219727,,,,,,547.955017,33317.699219,-455.56601,32862.140625,631.185974,,,1089.307983,,,,35.057999,2848.613073,,5918.325195,25507.25,14872.259766,10634.990234,0.0,31425.570312,5889.434082,,,,,,5768.130859,,,,,,,,,,,,0.0,1140.656006,,,-206.824997,3407.590088,85.036911,4426.458008,0.0,4426.458008,,
06/30/2004,49756.793,1254.432,846.383,,,9503.432,,,,,20420.864,,,13215.92,,,,,,1780.805,35417.589,-452.677,34964.912,639.822,,1101.425,1101.425,0.0,,,9.604,1436.783,,5953.18,28483.781,14977.574,13506.207,,34436.961,4813.035,,,,,,4580.054,,,,,,,,,,1552.147,45382.197,0.0,972.74,,,0.0,3479.106,-77.25,4374.596,0.0,4374.596,49756.793,
09/30/2004,84077.043,1720.573,707.124,,,13351.234,,,,,36432.447,,,20443.327,,,,,,2339.951,59215.725,-756.75,58458.975,1096.497,,5363.245,4993.506,369.739,,,29.441,3349.954,,11322.011,45267.246,25303.979,19963.267,,56589.257,6892.113,,,,,,7488.24,,,,,,,,,,2432.143,73401.753,0.0,7039.542,,,0.0,3581.794,53.954,10675.29,0.0,10675.29,84077.043,
12/31/2004,84106.438,1853.399,832.581,,,13413.335,,,,,20667.656,,,36859.298,,,,,,2261.144,59788.098,-754.721,59033.377,1089.094,,5349.443,4992.563,356.88,,,31.982,2503.227,,11424.137,47242.886,20511.745,26731.141,0.0,58667.023,7007.493,,,,,,6259.685,,,,,,,,,,,,0.0,7131.079,,,-29.395,3662.971,-15.198,10749.457,0.0,10749.457,,
03/31/2005,84283.632,1978.199,647.771,,,13167.908,,,,,37031.9,,,20932.603,,,,,,2528.042,60492.545,-760.032,59732.513,1108.469,,5341.679,4997.232,344.447,,,41.313,2265.78,,11655.721,47931.95,25197.285,22734.665,,59587.671,5452.723,,,,,,7153.91,,,,,,,,,,1444.185,73638.489,0.0,7183.355,,,-176.252,3746.113,-108.073,10645.143,0.0,10645.143,84283.632,
06/30/2005,85279.098,2105.962,689.247,,,13183.7,,,,,36965.052,,,21373.892,,,,,,2630.11,60969.054,-758.453,60210.601,1092.302,,5407.636,5070.026,337.61,,,36.418,2553.232,,12200.095,48670.755,24408.453,24262.302,0.0,60870.85,4757.204,,,,,,7285.717,,,,,,,,,,1622.022,74535.793,0.0,7253.608,,,-311.341,3836.716,-35.678,10743.305,0.0,10743.305,85279.098,
09/30/2005,84594.614,2076.344,697.009,,,12759.74,,,,,36740.853,,,21615.033,,,,,,2567.351,60923.237,-783.943,60139.294,1109.922,,5351.897,5025.964,325.933,,,25.784,2434.624,,12606.368,46858.807,24597.942,22260.865,0.0,59465.175,5633.814,,,,,,7207.015,,,,,,,,,,1643.555,73949.559,0.0,7270.559,,,-453.235,3936.657,-108.926,10645.055,0.0,10645.055,84594.614,
12/31/2005,84785.6,2414.56,802.38,,,12971.356,,,,,36181.35,,,22223.563,,,,,,2058.981,60463.894,-783.536,59680.358,1122.289,,5341.412,5027.044,314.368,,,22.924,2430.321,,13699.038,46679.329,21208.568,25470.761,0.0,60378.367,5966.279,,,,,,5971.68,,,,,,,,,,,,0.0,7328.221,,,-581.89,4034.905,-166.953,10614.283,0.0,10614.283,,
03/31/2006,84594.518,2059.251,906.166,,,12973.643,,,,,36034.5,,,22425.711,,,,,,2111.042,60571.253,-782.368,59788.885,1109.587,,5291.778,4987.77,304.008,,,25.481,2439.727,,13328.143,47191.336,25570.229,21621.107,,60519.479,4896.049,,,,,,6621.71,,,,,,,,,,,,,7365.482,,,-708.593,4169.678,-169.782,10656.785,,10656.785,,
06/30/2006,86062.786,2304.934,765.041,,,12844.452,,,,,36903.298,,,22227.334,,,,,,2857.988,61988.62,-777.783,61210.837,1109.732,,5291.616,4996.028,295.588,,,22.519,2513.655,,13158.707,48246.119,25050.481,23195.638,,61404.826,5728.586,,,,,,6293.372,,,,,,,,,,,,,7397.972,,,-833.633,4355.306,-221.286,10698.359,,10698.359,,
09/30/2006,86980.091,2055.137,952.057,,,13894.015,,,,,37251.863,,,22226.042,,,,,,2406.245,61884.15,-778.465,61105.685,1097.616,,5255.236,4967.799,287.437,,,28.657,2591.688,,12570.051,49599.494,25305.554,24293.94,,62169.545,6312.048,,,,,,5490.404,,,,,,,,,,,,,7470.993,,,-888.282,4547.845,-87.653,11042.903,,11042.903,,
12/31/2006,143369.021,3550.742,1166.676,,,19789.395,,,,,40593.727,,,53956.875,,,,,,5490.364,100040.966,-1055.953,98985.013,2398.494,,12133.481,11175.647,957.834,,,,5345.22,,20708.777,80519.192,40666.568,39852.624,,101227.969,9667.071,,,,,,8642.649,,,,,,,,,,,,0.0,16347.029,,,-7.548,4493.245,-131.272,20701.454,0.0,20701.454,,
03/31/2007,138068.068,2991.232,1192.359,,,19897.432,,,,,38546.006,,,55622.254,,,,,,1731.23,95899.49,-1056.26,94843.23,2372.8,,12106.085,11191.675,914.41,,,,4664.93,,19942.928,75393.72,42472.854,32920.866,,95336.648,10516.134,,,,,,8593.117,,,,,,,,,,,,0.0,16454.678,,,-368.837,4289.354,-61.029,20314.166,0.0,20314.166,,
06/30/2007,137622.472,2796.196,1232.734,,,19064.989,,,,,39434.547,,,54579.941,,,,,,2187.236,96201.724,-1061.873,95139.851,2422.256,,12053.114,11243.287,809.827,,,,4913.332,,19136.419,75919.972,64317.021,11602.951,,95056.391,10089.364,,,,,,9287.926,,,,,,,,,,,,0.0,16507.769,,,-1063.779,4489.078,-236.681,19696.387,0.0,19696.387,,
09/30/2007,138235.189,2902.34,736.273,,,18361.643,,,,,37802.965,,,56570.667,,,,,,1318.095,95691.727,-1070.716,94621.011,2473.339,,12257.406,11453.078,804.328,,,,6883.177,,18834.856,74605.074,64528.615,10076.459,,93439.93,9791.085,,,,,,10817.491,,,,,,,,,,,,0.0,16534.886,,,-1270.922,4632.033,-49.648,19846.349,0.0,19846.349,,
12/31/2007,141041.717,3720.365,1208.876,,,18276.309,,,,,34932.108,,,60446.739,,,,,,1225.538,96604.385,-1321.244,95283.141,2610.851,,12251.505,11491.673,759.832,,,0.0,7690.67,,18417.266,76357.702,38427.08,37930.622,0.0,94774.968,11120.122,,,,,,11324.79,,,,,,,,,,,,0.0,16551.998,,,-1370.761,4439.505,202.287,19823.029,0.0,19823.029,,
03/31/2008,144248.971,3061.324,1119.656,,,16589.775,,,,,34588.368,,,61797.063,,,,,,1373.232,97758.663,-1376.486,96382.177,2665.813,,12239.931,11510.096,729.835,,,0.0,12190.295,,18182.582,71004.827,38045.923,32958.904,0.0,89187.409,17167.297,,,,,,12357.225,,,,,,,,,,,,0.0,16567.66,,,-1370.761,4494.573,330.449,20021.921,0.0,20021.921,,
06/30/2008,144436.295,3160.519,1023.836,,,18561.218,,,,,36374.977,,,61891.602,,,,,,1210.733,99477.312,-1471.524,98005.788,2726.249,,12208.518,11515.095,693.423,,,,8750.167,,18334.239,71569.41,37192.608,34376.802,,89903.649,17590.231,,,,,,13318.656,,,,,,,,,,,,,16595.74,,,-1370.761,4436.66,46.855,19708.494,,19708.494,,
09/30/2008,144292.495,2985.95,727.78,,,18089.015,,,,,36564.85,,,62146.96,,,,,,1641.155,100352.965,-1472.141,98880.824,2730.301,,12189.998,11529.091,660.907,,,,8688.627,,18044.84,71175.708,35422.88,35752.828,,89220.548,17541.558,,,,,,14168.524,,,,,,,,,,,,,16614.035,,,-1423.62,4445.375,69.489,19705.279,,19705.279,,
12/31/2008,146247.81,2642.509,8329.884,,,18049.559,,,,,60437.806,,,36980.879,,,,,,2179.343,99598.028,-1826.149,97771.879,2786.043,,6186.688,5548.295,638.393,,,0.0,10481.248,,18456.668,72447.222,38156.042,34291.18,0.0,90903.89,15821.962,,,,,,19231.277,,,,,,,,,,,,3307.382,16822.087,,,-1425.646,-1868.752,-22.234,16812.837,0.0,16812.837,,
03/31/2009,141980.0,2429.0,2706.0,418.0,2288.0,22363.0,1348.0,20970.0,45.0,0.0,59419.0,36834.0,22585.0,36267.0,,16023.0,15678.0,,4566.0,1956.0,97642.0,-1861.0,95781.0,2808.0,2808.0,6154.0,5551.0,603.0,,2019.0,0.0,7720.0,,19988.0,73548.0,38739.0,34809.0,0.0,93536.0,9353.0,,,,,9353.0,18762.0,,,,18762.0,,,,,1579.0,1933.0,125163.0,3500.0,16651.0,7.0,16644.0,-1415.0,-1913.0,-6.0,16817.0,0.0,16817.0,141980.0,
06/30/2009,142811.0,2363.0,6067.0,3221.0,2846.0,20833.0,1109.0,19681.0,43.0,0.0,60543.0,36924.0,23619.0,35606.0,,15796.0,15564.0,,4246.0,1932.0,98081.0,-2282.0,95799.0,2789.0,2789.0,6124.0,5556.0,568.0,,,0.0,8836.0,,20995.0,73731.0,39744.0,33987.0,0.0,94726.0,7192.0,,,,,7192.0,18238.0,,,,18238.0,,,,,,3918.0,124074.0,3787.5,18567.5,12.0,18555.5,-1413.0,-2169.0,-36.0,18737.0,0.0,18737.0,142811.0,
09/30/2009,139986.0,2101.0,6268.0,366.0,5902.0,22457.0,1388.0,21030.0,39.0,0.0,57709.0,35784.0,21925.0,35045.0,,15630.0,15513.0,,3902.0,1470.0,94224.0,-2627.0,91597.0,2694.0,2694.0,6092.0,5557.0,535.0,,2301.0,0.0,6476.0,,21226.0,73654.0,40040.0,33614.0,0.0,94880.0,5286.0,,,,,5286.0,18093.0,,,,18093.0,,,,,1759.0,1476.0,121494.0,3787.5,18590.5,12.0,18578.5,-1411.0,-2618.0,143.0,18492.0,0.0,18492.0,139986.0,
12/31/2009,142318.0,2052.0,5959.0,379.0,5580.0,27139.0,3039.0,24069.0,31.0,0.0,56052.0,34505.0,21547.0,34622.0,,15381.0,15632.0,,3609.0,1511.0,92185.0,-3114.0,89071.0,2668.0,2668.0,6060.0,5557.0,503.0,1711.0,2019.0,0.0,5639.0,,23204.0,75476.0,43155.0,32321.0,0.0,98680.0,3668.0,0.0,0.0,,,3668.0,18464.0,0.0,0.0,,18464.0,368.0,334.0,34.0,761.0,1579.0,917.0,124437.0,3767.665,18627.335,12.0,18615.335,-1409.0,-3235.0,130.0,17881.0,0.0,17881.0,142318.0,
03/31/2010,137230.0,2252.0,4619.0,324.0,4295.0,25487.0,1238.0,24219.0,30.0,0.0,54251.0,33031.0,21220.0,33923.0,,15066.0,15592.0,,3265.0,1048.0,89222.0,-3184.0,86038.0,2637.0,2637.0,6031.0,5559.0,472.0,,1970.0,0.0,8196.0,,23391.0,74941.0,46305.0,28636.0,0.0,98332.0,2684.0,,,,,2684.0,15683.0,,,,15683.0,,,,,1553.0,1340.0,119592.0,3767.665,18635.335,12.0,18623.335,-1407.0,-3502.0,144.0,17638.0,0.0,17638.0,137230.0,
06/30/2010,135340.0,2097.0,5314.0,752.0,4562.0,25455.0,1261.0,24166.0,28.0,0.0,52540.0,31444.0,21096.0,33405.0,,14802.0,15567.0,,3036.0,1162.0,87107.0,-3185.0,83922.0,2588.0,2588.0,6004.0,5561.0,443.0,,2546.0,0.0,7414.0,,22993.0,73257.0,46396.0,26861.0,0.0,96250.0,2964.0,,,,,2964.0,15415.0,,,,15415.0,,,,,2124.0,1124.0,117877.0,3500.0,18911.0,13.0,18898.0,-1405.0,-3849.0,306.0,17463.0,0.0,17463.0,135340.0,
09/30/2010,133498.0,1898.0,4989.0,1137.0,3852.0,25161.0,1580.0,23555.0,26.0,0.0,51337.0,29836.0,21501.0,33083.0,,14534.0,15723.0,,2826.0,1587.0,86007.0,-3185.0,82822.0,2564.0,2564.0,5975.0,5561.0,414.0,,2889.0,0.0,7200.0,,25300.0,69678.0,44936.0,24742.0,0.0,94978.0,3661.0,,,,,3661.0,14335.0,,,,14335.0,,,,,2508.0,853.0,116335.0,3500.0,18930.0,13.0,18917.0,-1405.0,-4070.0,208.0,17163.0,0.0,17163.0,133498.0,
12/31/2010,132351.0,1643.0,5276.0,396.0,4880.0,24429.0,1116.0,23289.0,24.0,0.0,50964.0,28424.0,22540.0,31900.0,,14226.0,14898.0,,2776.0,1485.0,84349.0,-3185.0,81164.0,2569.0,2569.0,5946.0,5561.0,385.0,2113.0,2148.0,0.0,7063.0,,25733.0,68881.0,45511.0,23370.0,0.0,94614.0,9941.0,0.0,0.0,,6004.0,3937.0,7186.0,0.0,0.0,,7186.0,243.0,216.0,27.0,726.0,2008.0,899.0,115617.0,3500.0,18943.0,13.0,18930.0,-1402.0,-4047.0,-260.0,16734.0,0.0,16734.0,132351.0,
03/31/2011,131756.0,2042.0,5278.0,341.0,4937.0,26008.0,1284.0,24702.0,22.0,0.0,50295.0,27146.0,23149.0,31076.0,,13874.0,14404.0,,2798.0,1552.0,82923.0,-3186.0,79737.0,2528.0,2528.0,5919.0,5561.0,358.0,1500.0,1716.0,0.0,7028.0,,27480.0,68889.0,45690.0,23199.0,0.0,96369.0,3182.0,,,,,3182.0,12197.0,,,,12197.0,,,,,1676.0,1713.0,115137.0,3500.0,18949.0,13.0,18936.0,-1400.0,-4043.0,-387.0,16619.0,0.0,16619.0,131756.0,
06/30/2011,130908.0,2271.0,5703.0,251.0,5452.0,25072.0,1223.0,23828.0,21.0,0.0,49249.0,25605.0,23644.0,31927.0,1134.0,13593.0,14306.0,,2894.0,1141.0,82317.0,-3120.0,79197.0,2481.0,2481.0,5981.0,5561.0,420.0,1400.0,1983.0,0.0,6820.0,,28148.0,68183.0,45750.0,22433.0,0.0,96331.0,2722.0,,,,,2722.0,11646.0,,,,11646.0,,,,,1816.0,1505.0,114020.0,3500.0,18964.0,13.0,18951.0,-1399.0,-4000.0,-177.0,16888.0,0.0,16888.0,130908.0,
09/30/2011,129762.0,2000.0,6263.0,254.0,6009.0,26115.0,1462.0,24635.0,18.0,0.0,48050.0,23777.0,24273.0,31397.0,1024.0,13316.0,14083.0,,2974.0,1012.0,80459.0,-2964.0,77495.0,2399.0,2399.0,6039.0,5561.0,478.0,1200.0,2766.0,0.0,5485.0,,28296.0,67642.0,46756.0,20886.0,0.0,95938.0,2943.0,,,,,2943.0,10140.0,,,,10140.0,,,,,2148.0,1330.0,112499.0,3500.0,18981.0,13.0,18968.0,-1397.0,-3913.0,92.0,17263.0,0.0,17263.0,129762.0,
12/31/2011,127050.0,2132.0,5113.0,200.0,4913.0,25753.0,1266.0,24471.0,16.0,0.0,46752.0,22230.0,24522.0,30842.0,987.0,13021.0,13784.0,,3050.0,1193.0,78787.0,-2745.0,76042.0,2375.0,2375.0,5265.0,4816.0,449.0,1917.0,2853.0,0.0,5600.0,,28266.0,67361.0,47600.0,19761.0,0.0,95627.0,4920.0,0.0,0.0,,1853.0,3067.0,6257.0,0.0,0.0,,6257.0,518.0,492.0,26.0,631.0,2514.0,84.0,110551.0,3500.0,18992.0,13.0,18979.0,-1397.0,-4527.0,-69.0,16499.0,0.0,16499.0,127050.0,
03/31/2012,128282.0,2036.0,5437.0,167.0,5270.0,28319.0,1127.0,27177.0,15.0,0.0,46421.0,21323.0,25098.0,30299.0,939.0,12642.0,13611.0,,3107.0,1054.0,77774.0,-2530.0,75244.0,2350.0,2350.0,5236.0,4816.0,420.0,,2512.0,0.0,7148.0,,29707.0,67431.0,48950.0,18481.0,0.0,97138.0,2908.0,,,,,2908.0,7196.0,,,,7196.0,,,,,2177.0,1329.0,110748.0,3500.0,19883.0,15.0,19868.0,-1394.0,-4395.0,-60.0,17534.0,0.0,17534.0,128282.0,
06/30/2012,122345.0,2000.0,1766.0,,1766.0,27355.0,110.0,27232.0,13.0,0.0,46324.0,20334.0,25990.0,29878.0,922.0,12321.0,13394.0,,3241.0,1187.0,77389.0,-2291.0,75098.0,2300.0,2300.0,5207.0,4816.0,391.0,,2149.0,0.0,6470.0,,29694.0,65404.0,48971.0,16433.0,0.0,95098.0,3306.0,,,,,3306.0,6230.0,,,,6230.0,,,,,2025.0,1231.0,107890.0,0.0,19913.0,15.0,19898.0,-1376.0,-4136.0,54.0,14455.0,0.0,14455.0,122345.0,
09/30/2012,121798.0,1738.0,2192.0,,2192.0,27729.0,114.0,27603.0,12.0,0.0,45705.0,19330.0,26375.0,29554.0,901.0,12025.0,13225.0,,3403.0,1265.0,76524.0,-2062.0,74462.0,2274.0,2274.0,5181.0,4816.0,365.0,,2066.0,0.0,6156.0,,30345.0,64536.0,49296.0,15240.0,0.0,94881.0,1936.0,,,,,1936.0,6224.0,,,,6224.0,,,,,1938.0,1918.0,106897.0,0.0,19925.0,15.0,19910.0,-1377.0,-3849.0,202.0,14901.0,0.0,14901.0,121798.0,
12/31/2012,121347.0,1979.0,3510.0,,3510.0,27370.0,116.0,27244.0,10.0,0.0,44793.0,18119.0,26674.0,29202.0,906.0,11800.0,12963.0,,3533.0,1383.0,75378.0,-1919.0,73459.0,2279.0,2279.0,5161.0,4816.0,345.0,1519.0,1915.0,0.0,4155.0,,29963.0,65511.0,51757.0,13754.0,0.0,95474.0,1574.0,0.0,0.0,,,1574.0,5861.0,0.0,0.0,,5861.0,444.0,418.0,26.0,686.0,1793.0,16.0,105848.0,500.0,19649.0,15.0,19634.0,-1377.0,-3338.0,65.0,15499.0,0.0,15499.0,121347.0,
03/31/2013,119718.0,1796.0,3137.0,,3137.0,27218.0,121.0,27089.0,8.0,0.0,45061.0,17459.0,27602.0,28875.0,851.0,11546.0,12875.0,,3603.0,1082.0,75018.0,-1749.0,73269.0,2252.0,2252.0,5147.0,4816.0,331.0,,1677.0,0.0,5222.0,,29971.0,64162.0,51574.0,12588.0,0.0,94133.0,1830.0,,,,,1830.0,5847.0,,,,5847.0,,,,,1617.0,551.0,103978.0,500.0,19632.0,15.0,19617.0,-1377.0,-3003.0,-12.0,15740.0,0.0,15740.0,119718.0,
06/30/2013,118707.0,2112.0,2168.0,,2168.0,24528.0,102.0,22001.0,2425.0,0.0,46044.0,17090.0,28954.0,28946.0,866.0,11410.0,12839.0,,3831.0,839.0,75829.0,-1636.0,74193.0,2228.0,2228.0,5134.0,4816.0,318.0,,1417.0,0.0,6927.0,,29464.0,62990.0,52000.0,10990.0,0.0,92454.0,3877.0,,,,,3877.0,4856.0,,,,4856.0,,,,,1467.0,724.0,103378.0,466.0,19454.0,14.0,19440.0,-1377.0,-2736.0,-478.0,15329.0,0.0,15329.0,118707.0,
09/30/2013,116864.0,2032.0,1827.0,,1827.0,24137.0,119.0,21630.0,2388.0,0.0,46736.0,16873.0,29863.0,29156.0,896.0,11349.0,12856.0,,4055.0,673.0,76565.0,-1540.0,75025.0,2218.0,2218.0,5123.0,4816.0,307.0,,1301.0,0.0,5201.0,,30308.0,62013.0,51706.0,10307.0,0.0,92321.0,1773.0,,,,,1773.0,4838.0,,,,4838.0,,,,,1347.0,1096.0,101375.0,458.0,19262.0,14.0,19248.0,-1377.0,-2443.0,-411.0,15489.0,0.0,15489.0,116864.0,
12/31/2013,117396.0,1661.0,3612.0,,3612.0,23949.0,111.0,21485.0,2353.0,0.0,45968.0,16555.0,29413.0,28641.0,948.0,11294.0,12163.0,,4236.0,1055.0,75664.0,-1341.0,74323.0,2216.0,2216.0,5111.0,4816.0,295.0,1381.0,1219.0,0.0,3924.0,,30083.0,62370.0,52474.0,9896.0,0.0,92453.0,2182.0,0.0,0.0,,,2182.0,4830.0,0.0,0.0,,4830.0,130.0,130.0,,733.0,1257.0,43.0,101628.0,500.0,19180.0,14.0,19166.0,-1377.0,-2216.0,-319.0,15768.0,0.0,15768.0,117396.0,
03/31/2014,117933.0,2072.0,3124.0,10.0,3114.0,24049.0,117.0,21615.0,2317.0,0.0,47090.0,16624.0,30466.0,28590.0,917.0,11148.0,12136.0,,4389.0,395.0,76075.0,-1261.0,74814.0,2194.0,2194.0,5110.0,4816.0,294.0,443.0,1102.0,0.0,5025.0,,31154.0,62239.0,52798.0,9441.0,0.0,93393.0,1981.0,,,,,1981.0,4226.0,,,,4226.0,,,,,1179.0,1022.0,101801.0,500.0,19135.0,14.0,19121.0,-1377.0,-1897.0,-229.0,16132.0,0.0,16132.0,117933.0,
06/30/2014,118719.0,2094.0,2725.0,20.0,2705.0,24338.0,100.0,21963.0,2275.0,0.0,47717.0,16363.0,31354.0,28796.0,945.0,11064.0,12187.0,,4600.0,514.0,77027.0,-1229.0,75798.0,2194.0,2194.0,5097.0,4816.0,281.0,281.0,1172.0,0.0,5020.0,,31277.0,62545.0,53371.0,9174.0,0.0,93822.0,1818.0,,,,,1818.0,3824.0,,,,3824.0,,,,,1223.0,1003.0,101690.0,1000.0,19055.0,14.0,19041.0,-1377.0,-1597.0,-52.0,17029.0,0.0,17029.0,118719.0,
09/30/2014,119226.0,1770.0,3013.0,20.0,2993.0,24704.0,103.0,22379.0,2222.0,0.0,47691.0,15834.0,31857.0,28916.0,964.0,10968.0,12264.0,,4720.0,504.0,77111.0,-1178.0,75933.0,2192.0,2192.0,5103.0,4816.0,287.0,347.0,947.0,0.0,5217.0,,31388.0,62742.0,53732.0,9010.0,0.0,94130.0,1893.0,,,,,1893.0,3813.0,,,,3813.0,,,,,1050.0,1180.0,102066.0,1000.0,18983.0,14.0,18969.0,-1377.0,-1272.0,-174.0,17160.0,0.0,17160.0,119226.0,
12/31/2014,119563.0,1601.0,2403.0,100.0,2303.0,24334.0,106.0,22053.0,2175.0,0.0,48215.0,15483.0,32732.0,29092.0,1009.0,10932.0,12315.0,,4836.0,541.0,77848.0,-1103.0,76745.0,2193.0,2193.0,5091.0,4816.0,275.0,1116.0,1215.0,0.0,4865.0,,31747.0,62453.0,53593.0,8860.0,0.0,94200.0,2253.0,0.0,0.0,,,2253.0,3462.0,0.0,0.0,,3462.0,357.0,357.0,,716.0,1254.0,448.0,102690.0,1000.0,18665.0,14.0,18651.0,-1377.0,-1177.0,-238.0,16873.0,0.0,16873.0,119563.0,
03/31/2015,122447.0,1737.0,4289.0,65.0,4224.0,25115.0,107.0,22879.0,2129.0,0.0,49082.0,15401.0,33681.0,29161.0,966.0,10854.0,12418.0,,4923.0,491.0,78734.0,-1098.0,77636.0,2174.0,2174.0,5088.0,4816.0,272.0,254.0,1281.0,0.0,4873.0,,33553.0,63924.0,55297.0,8627.0,0.0,97477.0,2085.0,,,,,2085.0,3208.0,,,,3208.0,,,,,1239.0,1387.0,105396.0,1000.0,18486.0,14.0,18472.0,-1377.0,-943.0,-115.0,17051.0,0.0,17051.0,122447.0,
06/30/2015,121855.0,1661.0,2094.0,,2094.0,24849.0,110.0,22672.0,2067.0,0.0,50520.0,15173.0,35347.0,29629.0,992.0,10899.0,12589.0,,5149.0,511.0,80660.0,-1115.0,79545.0,2147.0,2147.0,5084.0,4816.0,268.0,357.0,758.0,0.0,5360.0,,33810.0,63265.0,54889.0,8376.0,0.0,97075.0,1846.0,,,,,1846.0,3602.0,,,,3602.0,,,,,742.0,1691.0,104956.0,1000.0,18221.0,14.0,18207.0,-1377.0,-658.0,-287.0,16899.0,0.0,16899.0,121855.0,
09/30/2015,124789.0,1726.0,3282.0,65.0,3217.0,24821.0,106.0,22714.0,2001.0,0.0,50964.0,15058.0,35906.0,30099.0,1016.0,10947.0,12730.0,,5406.0,453.0,81516.0,-1115.0,80401.0,2122.0,2122.0,5094.0,4831.0,263.0,238.0,1079.0,0.0,6026.0,,34117.0,63061.0,54821.0,8240.0,0.0,97178.0,0.0,,,,,0.0,7364.0,,,,7364.0,,,,,903.0,2392.0,107837.0,1000.0,17868.0,13.0,17855.0,-1377.0,-400.0,-139.0,16952.0,0.0,16952.0,124789.0,
12/31/2015,126050.0,1382.0,3932.0,,3932.0,24799.0,143.0,22710.0,1946.0,0.0,50729.0,14908.0,35821.0,30433.0,1075.0,10978.0,12811.0,,5569.0,448.0,81610.0,-1106.0,80504.0,2152.0,2152.0,5137.0,4878.0,259.0,990.0,826.0,0.0,6328.0,,34862.0,63568.0,55657.0,7911.0,0.0,98430.0,10.0,0.0,0.0,,,10.0,8349.0,0.0,0.0,,8349.0,132.0,,,736.0,758.0,791.0,109206.0,1000.0,17716.0,13.0,17703.0,-1377.0,-115.0,-380.0,16844.0,0.0,16844.0,126050.0,
03/31/2016,125539.0,1708.0,2682.0,,2682.0,25106.0,110.0,23095.0,1901.0,0.0,51001.0,14801.0,36200.0,30605.0,1045.0,10914.0,12895.0,,5751.0,351.0,81957.0,-1151.0,80806.0,2134.0,2134.0,5124.0,4878.0,246.0,18.0,239.0,0.0,7722.0,,35153.0,63001.0,55547.0,7454.0,0.0,98154.0,0.0,,,,,0.0,7851.0,,,,7851.0,,,,,53.0,2270.0,108328.0,1000.0,17549.0,13.0,17536.0,-1377.0,62.0,-23.0,17211.0,0.0,17211.0,125539.0,
06/30/2016,126212.0,1867.0,2370.0,,2370.0,25257.0,117.0,23494.0,1646.0,0.0,50623.0,14499.0,36124.0,31079.0,1113.0,10832.0,13164.0,,5970.0,551.0,82253.0,-1151.0,81102.0,2091.0,2091.0,5122.0,4882.0,240.0,74.0,1270.0,0.0,7059.0,,34982.0,62263.0,54495.0,7768.0,0.0,97245.0,2.0,,,,,2.0,8968.0,,,,8968.0,,,,,945.0,1667.0,108827.0,1000.0,17372.0,13.0,17359.0,-1377.0,242.0,148.0,17385.0,0.0,17385.0,126212.0,
09/30/2016,125177.0,1928.0,2310.0,,2310.0,25410.0,120.0,23859.0,1431.0,0.0,49508.0,14120.0,35388.0,31375.0,1123.0,10749.0,13402.0,,6101.0,571.0,81454.0,-1126.0,80328.0,2075.0,2075.0,5110.0,4882.0,228.0,49.0,855.0,0.0,7112.0,,36321.0,62968.0,55336.0,7632.0,0.0,99289.0,0.0,,,,,0.0,6054.0,,,,6054.0,,,,,792.0,1677.0,107812.0,1000.0,17172.0,13.0,17159.0,-1377.0,465.0,105.0,17365.0,0.0,17365.0,125177.0,
12/31/2016,125968.0,1853.0,3598.0,15.0,3583.0,25267.0,124.0,23781.0,1362.0,0.0,48687.0,13675.0,35012.0,31408.0,1196.0,10687.0,13440.0,,6085.0,718.0,80813.0,-1091.0,79722.0,2096.0,2096.0,5125.0,4904.0,221.0,1044.0,579.0,0.0,6684.0,,36046.0,62989.0,55392.0,7597.0,0.0,99035.0,0.0,0.0,0.0,,,0.0,7763.0,0.0,0.0,,7763.0,169.0,,,736.0,887.0,714.0,109304.0,1000.0,16925.0,13.0,16912.0,-1377.0,666.0,-550.0,16664.0,0.0,16664.0,125968.0,
03/31/2017,124545.0,1736.0,2638.0,,2638.0,25424.0,126.0,23521.0,1777.0,0.0,48724.0,13497.0,35227.0,31145.0,1151.0,10533.0,13565.0,3828.0,2068.0,512.0,80381.0,-1061.0,79320.0,2088.0,2088.0,5113.0,4904.0,209.0,262.0,518.0,0.0,7446.0,,37022.0,62402.0,55242.0,7160.0,0.0,99424.0,0.0,,,,,0.0,6010.0,,,,6010.0,,,,,853.0,1536.0,107823.0,1000.0,16791.0,12.0,16779.0,-1377.0,873.0,-565.0,16722.0,0.0,16722.0,124545.0,
06/30/2017,124643.0,1873.0,2258.0,,2258.0,25540.0,178.0,23608.0,1754.0,0.0,48778.0,13122.0,35656.0,31349.0,1183.0,10419.0,13765.0,3653.0,2329.0,573.0,80700.0,-1041.0,79659.0,2060.0,2060.0,5102.0,4904.0,198.0,1722.0,460.0,0.0,5969.0,,37119.0,60974.0,53963.0,7011.0,0.0,98093.0,600.0,,,,,600.0,6765.0,,,,6765.0,,,,,662.0,1630.0,107750.0,1000.0,16660.0,12.0,16648.0,-1377.0,1089.0,-479.0,16893.0,0.0,16893.0,124643.0,
09/30/2017,123271.0,1829.0,1932.0,,1932.0,25555.0,193.0,23659.0,1703.0,0.0,47997.0,12554.0,35443.0,31359.0,1214.0,10276.0,13903.0,3489.0,2477.0,388.0,79744.0,-1041.0,78703.0,2057.0,2057.0,5091.0,4904.0,187.0,199.0,414.0,0.0,7491.0,,37293.0,60298.0,53226.0,7072.0,0.0,97591.0,600.0,,,,,600.0,6102.0,,,,6102.0,,,,,605.0,1749.0,106647.0,1000.0,16176.0,12.0,16164.0,-1377.0,1279.0,-454.0,16624.0,0.0,16624.0,123271.0,
12/31/2017,124294.0,2012.0,1969.0,70.0,1899.0,25475.0,189.0,23628.0,1658.0,0.0,48474.0,12359.0,36115.0,31473.0,1165.0,10164.0,14061.0,2184.0,3899.0,348.0,80295.0,-934.0,79361.0,2064.0,2064.0,5081.0,4904.0,177.0,655.0,394.0,0.0,7283.0,,36127.0,60762.0,53880.0,6882.0,0.0,96889.0,500.0,0.0,0.0,,,500.0,8132.0,0.0,0.0,,8132.0,67.0,,,492.0,641.0,1381.0,108102.0,1000.0,15690.0,12.0,15678.0,-1377.0,1628.0,-749.0,16192.0,0.0,16192.0,124294.0,
03/31/2018,122913.0,1766.0,1419.0,,1419.0,24696.0,0.0,23085.0,1611.0,0.0,48724.0,11937.0,36787.0,31098.0,1237.0,9916.0,13892.0,3310.0,2743.0,452.0,80274.0,-840.0,79434.0,2065.0,2065.0,5071.0,4904.0,167.0,192.0,248.0,0.0,8022.0,,36935.0,60055.0,53377.0,6678.0,0.0,96990.0,0.0,,,,,0.0,7949.0,,,,7949.0,,,,,396.0,1712.0,107047.0,1000.0,15471.0,12.0,15459.0,-1377.0,1923.0,-1151.0,15866.0,0.0,15866.0,122913.0,
06/30/2018,124557.0,1844.0,2442.0,,2442.0,24503.0,,22935.0,1568.0,0.0,49150.0,12071.0,37079.0,31328.0,1166.0,9679.0,14111.0,3219.0,3153.0,490.0,80968.0,-838.0,80130.0,2050.0,2050.0,5060.0,4904.0,156.0,909.0,260.0,0.0,7359.0,,36055.0,59228.0,52629.0,6599.0,0.0,95283.0,1400.0,,,,,1400.0,9890.0,,,,9890.0,,,,,423.0,1784.0,108780.0,1000.0,15221.0,12.0,15209.0,-1371.0,2182.0,-1255.0,15777.0,0.0,15777.0,124557.0,
09/30/2018,124578.0,1911.0,1584.0,,1584.0,24195.0,,22671.0,1524.0,0.0,50348.0,12312.0,38036.0,31473.0,1273.0,9435.0,14220.0,3146.0,3399.0,331.0,82152.0,-840.0,81312.0,2051.0,2051.0,4951.0,4829.0,122.0,231.0,269.0,0.0,8074.0,,35354.0,57901.0,51382.0,6519.0,0.0,93255.0,3250.0,,,,,3250.0,11178.0,,,,11178.0,,,,,430.0,1695.0,109808.0,1000.0,13953.0,11.0,13942.0,-1371.0,2582.0,-1394.0,14770.0,0.0,14770.0,124578.0,
12/31/2018,125688.0,2018.0,1520.0,,1520.0,24211.0,,22729.0,1482.0,0.0,51651.0,12369.0,39282.0,31501.0,1221.0,9257.0,14276.0,,6747.0,304.0,83456.0,-840.0,82616.0,2045.0,2045.0,4944.0,4829.0,115.0,677.0,370.0,0.0,7287.0,,35053.0,59438.0,52074.0,7364.0,0.0,94491.0,1600.0,0.0,0.0,,,1600.0,12424.0,0.0,0.0,,12424.0,240.0,,,657.0,340.0,846.0,110598.0,1000.0,13597.0,11.0,13586.0,-1371.0,2828.0,-964.0,15090.0,0.0,15090.0,125688.0,
03/31/2019,128802.0,1666.0,2141.0,,2141.0,25237.0,,23786.0,1451.0,0.0,53527.0,12542.0,40985.0,30903.0,1196.0,9014.0,14113.0,2759.0,3821.0,318.0,84748.0,-853.0,83895.0,2456.0,2456.0,4937.0,4829.0,108.0,562.0,321.0,0.0,7587.0,,34775.0,60945.0,52561.0,8384.0,0.0,95720.0,1670.0,70.0,,70.0,,1600.0,13398.0,441.0,,441.0,12957.0,,,,,257.0,2234.0,113279.0,1000.0,13415.0,11.0,13404.0,-1371.0,3066.0,-598.0,15512.0,11.0,15523.0,128802.0,
06/30/2019,127518.0,2026.0,2462.0,,2462.0,24114.0,,22699.0,1415.0,0.0,52761.0,12323.0,40438.0,30792.0,1223.0,8802.0,14253.0,2415.0,4099.0,508.0,84061.0,-853.0,83208.0,2380.0,2380.0,4930.0,4829.0,101.0,614.0,478.0,0.0,7306.0,,34678.0,60293.0,52013.0,8280.0,0.0,94971.0,4296.0,46.0,,46.0,,4250.0,9672.0,459.0,,459.0,9213.0,,,,,240.0,1731.0,110910.0,1000.0,13701.0,11.0,13690.0,-1371.0,3299.0,-21.0,16608.0,0.0,16608.0,127518.0,
09/30/2019,128147.0,1966.0,3101.0,,3101.0,24361.0,,22986.0,1375.0,0.0,52320.0,12141.0,40179.0,30466.0,1234.0,8597.0,14397.0,2095.0,4143.0,548.0,83334.0,-869.0,82465.0,2393.0,2393.0,4956.0,4845.0,111.0,598.0,593.0,0.0,7714.0,,34360.0,59945.0,52024.0,7921.0,0.0,94305.0,5425.0,24.0,,24.0,,5401.0,9627.0,499.0,,499.0,9128.0,,,,,262.0,1947.0,111566.0,1500.0,12623.0,10.0,12613.0,-1371.0,3534.0,295.0,16581.0,0.0,16581.0,128147.0,
12/31/2019,126240.0,1598.0,2516.0,,2516.0,23938.0,,22606.0,1332.0,0.0,52396.0,12425.0,39971.0,30567.0,1387.0,8384.0,14485.0,1812.0,4499.0,637.0,83600.0,-869.0,82731.0,2403.0,2403.0,4950.0,4845.0,105.0,461.0,461.0,0.0,7182.0,,34113.0,63362.0,54012.0,9350.0,0.0,97475.0,2144.0,94.0,,94.0,,2050.0,8299.0,420.0,,420.0,7879.0,107.0,,,789.0,242.0,889.0,109945.0,1500.0,12505.0,10.0,12495.0,-1371.0,3751.0,-90.0,16295.0,0.0,16295.0,126240.0,
03/31/2020,133542.0,2101.0,3154.0,,3154.0,25071.0,,23775.0,1296.0,0.0,58110.0,12722.0,45388.0,29988.0,1303.0,8201.0,14535.0,1557.0,4392.0,566.0,88664.0,-1560.0,87104.0,1935.0,1935.0,4943.0,4845.0,98.0,608.0,1917.0,0.0,6709.0,,37133.0,62897.0,55519.0,7378.0,0.0,100030.0,3150.0,,,,,3150.0,10105.0,,,,10105.0,,,,,543.0,2382.0,116210.0,1500.0,12515.0,10.0,12505.0,-1371.0,3364.0,1324.0,17332.0,0.0,17332.0,133542.0,
06/30/2020,144070.0,1619.0,11579.0,,11579.0,25153.0,,23898.0,1255.0,0.0,60604.0,12934.0,47670.0,29944.0,1213.0,7890.0,15382.0,1331.0,4128.0,1152.0,91700.0,-2276.0,89424.0,1929.0,1929.0,5330.0,5193.0,137.0,538.0,1945.0,0.0,6553.0,,47964.0,68815.0,62368.0,6447.0,0.0,116779.0,0.0,,,,,0.0,6408.0,,,,6408.0,,,,,416.0,2839.0,126442.0,1500.0,12869.0,10.0,12859.0,-1371.0,2978.0,1626.0,17602.0,26.0,17628.0,144070.0,
