company_name,company_ticker,company_lei,company_cik,year,quarter,start_date,end_date,filing_date,amortizationexpense,cashinterestpaid,depreciationexpense,divestitures,increasedecreaseinoperatingcapital,issuanceofcommonequity,issuanceofdebt,netcashfromcontinuingfinancingactivities,netcashfromcontinuinginvestingactivities,netcashfromcontinuingoperatingactivities,netcashfromfinancingactivities,netcashfrominvestingactivities,netcashfromoperatingactivities,netchangeincash,netincome,netincomecontinuing,noncashadjustmentstonetincome,otherfinancingactivitiesnet,otherinvestingactivitiesnet,paymentofdividends,provisionforloanlosses,purchaseofinvestments,purchaseofplantpropertyandequipment,repaymentofdebt,repurchaseofcommonequity,saleofinvestments,saleofplantpropertyandequipment
Ventas Inc,VTR,ORQTRC074CWLT3DKHT41,740260,2007.0,FY,2007-01-01,2007-12-31,2010-02-19 16:32:37+00:00,-3925000.0,207478000.0,235045000.0,,42719000.0,1045713000.0,1460418000.0,802675000.0,-1180357000.0,404600000.0,802675000.0,-1175192000.0,404600000.0,32083000.0,280578000.0,280578000.0,-149817000.0,1645000.0,,-286188000.0,0.0,-1348354000.0,-13353000.0,-1418913000.0,,181350000.0,
Ventas Inc,VTR,ORQTRC074CWLT3DKHT41,740260,2008.0,FY,2008-01-01,2008-12-31,2011-03-01 17:12:16+00:00,-5350000.0,202360000.0,235754000.0,,-13961000.0,408540000.0,213628000.0,-95979000.0,-136256000.0,379907000.0,-95979000.0,-136256000.0,379907000.0,147672000.0,225287000.0,225287000.0,-67817000.0,-12402000.0,,-288849000.0,5994000.0,-226307000.0,-16359000.0,-416896000.0,,106410000.0,
Ventas Inc,VTR,ORQTRC074CWLT3DKHT41,740260,2008.0,Q4,2008-10-01,2008-12-31,,-1766000.0,202360000.0,54974000.0,,-20348000.0,,203269000.0,-45100000.0,26888000.0,78099000.0,-45100000.0,26888000.0,78099000.0,59887000.0,58151000.0,58151000.0,-12912000.0,-13367000.0,,-73468000.0,,-16514000.0,-4185000.0,-161534000.0,,47587000.0,
Ventas Inc,VTR,ORQTRC074CWLT3DKHT41,740260,2008.0,Q3,2008-07-01,2008-09-30,,-1141000.0,,50969000.0,,20388000.0,216872000.0,4005000.0,26382000.0,-67705000.0,128046000.0,26382000.0,-67705000.0,128046000.0,86723000.0,64806000.0,64806000.0,-12970000.0,-1667000.0,,-73499000.0,5994000.0,-59827000.0,-7694000.0,-119329000.0,,-184000.0,
Ventas Inc,VTR,ORQTRC074CWLT3DKHT41,740260,2008.0,Q3YTD,2008-01-01,2008-09-30,2009-11-04 16:35:50+00:00,-3584000.0,,180780000.0,,6387000.0,408540000.0,10359000.0,-50879000.0,-163144000.0,301808000.0,-50879000.0,-163144000.0,301808000.0,87785000.0,167136000.0,167136000.0,-54905000.0,965000.0,,-215381000.0,5994000.0,-209793000.0,-12174000.0,-255362000.0,,58823000.0,
Ventas Inc,VTR,ORQTRC074CWLT3DKHT41,740260,2008.0,Q2YTD,2008-01-01,2008-06-30,2009-08-05 16:32:25+00:00,-2443000.0,,129811000.0,,-14001000.0,191668000.0,6354000.0,-77261000.0,-95439000.0,173762000.0,-77261000.0,-95439000.0,173762000.0,1062000.0,102330000.0,102330000.0,-41935000.0,2632000.0,,-141882000.0,,-149966000.0,-4480000.0,-136033000.0,,59007000.0,
Ventas Inc,VTR,ORQTRC074CWLT3DKHT41,740260,2009.0,Q4,2009-10-01,2009-12-31,,5437000.0,175298000.0,52096000.0,,-15231000.0,,61480000.0,5529000.0,-67930000.0,98904000.0,5529000.0,-67930000.0,98904000.0,36503000.0,54778000.0,54778000.0,1824000.0,-4338000.0,,-80313000.0,,-28417000.0,-6614000.0,28700000.0,,-32899000.0,
Ventas Inc,VTR,ORQTRC074CWLT3DKHT41,740260,2009.0,FY,2009-01-01,2009-12-31,2012-02-22 15:52:06+00:00,4581000.0,175298000.0,201258000.0,,-1941000.0,299201000.0,365682000.0,-490180000.0,-1746000.0,422101000.0,-490180000.0,-1746000.0,422101000.0,-69825000.0,269360000.0,269360000.0,-51157000.0,-22618000.0,,-314399000.0,,-59518000.0,-13798000.0,-818046000.0,,71570000.0,
Ventas Inc,VTR,ORQTRC074CWLT3DKHT41,740260,2009.0,Q3YTD,2009-01-01,2009-09-30,2009-11-04 16:35:50+00:00,-856000.0,,149162000.0,,13290000.0,299201000.0,304202000.0,-495709000.0,66184000.0,323197000.0,-495709000.0,66184000.0,323197000.0,-106328000.0,214582000.0,214582000.0,-52981000.0,-18280000.0,,-234086000.0,0.0,-31101000.0,-7184000.0,-846746000.0,,104469000.0,
Ventas Inc,VTR,ORQTRC074CWLT3DKHT41,740260,2009.0,Q3TTM,2008-10-01,2009-09-30,,-2622000.0,202360000.0,204136000.0,,-7058000.0,299201000.0,507471000.0,-540809000.0,93072000.0,401296000.0,-540809000.0,93072000.0,401296000.0,-46441000.0,272733000.0,272733000.0,-65893000.0,-31647000.0,,-307554000.0,,-47615000.0,-11369000.0,-1008280000.0,,152056000.0,
Ventas Inc,VTR,ORQTRC074CWLT3DKHT41,740260,2009.0,Q3,2009-07-01,2009-09-30,,357000.0,,50345000.0,,18284000.0,,3087000.0,-97824000.0,-6131000.0,128055000.0,-97824000.0,-6131000.0,128055000.0,24100000.0,50430000.0,50430000.0,8639000.0,-5597000.0,,-80271000.0,,-4370000.0,-3156000.0,-15043000.0,,1395000.0,
Ventas Inc,VTR,ORQTRC074CWLT3DKHT41,740260,2009.0,Q2YTD,2009-01-01,2009-06-30,2009-08-05 16:32:25+00:00,-1213000.0,,98817000.0,,-4994000.0,299201000.0,301115000.0,-397885000.0,72315000.0,195142000.0,-397885000.0,72315000.0,195142000.0,-130428000.0,164152000.0,164152000.0,-61620000.0,-12683000.0,,-153815000.0,,-26731000.0,-4028000.0,-831703000.0,,103074000.0,
Ventas Inc,VTR,ORQTRC074CWLT3DKHT41,740260,2009.0,Q2TTM,2008-07-01,2009-06-30,,-4120000.0,202360000.0,204760000.0,,-4954000.0,516073000.0,508389000.0,-416603000.0,31498000.0,401287000.0,-416603000.0,31498000.0,401287000.0,16182000.0,287109000.0,287109000.0,-87502000.0,-27717000.0,,-300782000.0,5994000.0,-103072000.0,-15907000.0,-1112566000.0,,150477000.0,
Ventas Inc,VTR,ORQTRC074CWLT3DKHT41,740260,2009.0,Q2,2009-04-01,2009-06-30,,37000.0,,48909000.0,,-19967000.0,299201000.0,291914000.0,-164805000.0,33681000.0,81586000.0,-164805000.0,33681000.0,81586000.0,-49538000.0,89183000.0,89183000.0,-36576000.0,-5351000.0,,-80269000.0,,-10971000.0,-158000.0,-670300000.0,,44810000.0,
Ventas Inc,VTR,ORQTRC074CWLT3DKHT41,740260,2009.0,Q1,2009-01-01,2009-03-31,2010-04-30 16:04:57+00:00,-1250000.0,,49908000.0,,14973000.0,,9201000.0,-233080000.0,38634000.0,113556000.0,-233080000.0,38634000.0,113556000.0,-80890000.0,74969000.0,74969000.0,-25044000.0,-7332000.0,,-73546000.0,,-15760000.0,-3870000.0,-161403000.0,,58264000.0,
Ventas Inc,VTR,ORQTRC074CWLT3DKHT41,740260,2010.0,Q4,2010-10-01,2010-12-31,,5111000.0,161352000.0,51142000.0,,-12797000.0,,191705000.0,-80133000.0,-33444000.0,101895000.0,-80133000.0,-33444000.0,101503000.0,-12074000.0,78702000.0,78702000.0,-20263000.0,5708000.0,4500000.0,-84164000.0,,-81637000.0,-6612000.0,-193382000.0,,50305000.0,
Ventas Inc,VTR,ORQTRC074CWLT3DKHT41,740260,2010.0,FY,2010-01-01,2010-12-31,2013-02-19 07:19:03+00:00,6986000.0,161352000.0,206064000.0,,-8522000.0,0.0,625946000.0,-231452000.0,-301920000.0,447622000.0,-231452000.0,-301920000.0,447622000.0,-85750000.0,249729000.0,249729000.0,-6635000.0,3447000.0,0.0,-336085000.0,,-359519000.0,-19855000.0,-524760000.0,,77454000.0,0.0
Ventas Inc,VTR,ORQTRC074CWLT3DKHT41,740260,2010.0,Q3YTD,2010-01-01,2010-09-30,2010-11-05 16:16:40+00:00,1875000.0,,154922000.0,,4275000.0,,434241000.0,-151319000.0,-268476000.0,345727000.0,-151319000.0,-268476000.0,346119000.0,-73676000.0,171027000.0,171027000.0,13628000.0,-2261000.0,-4500000.0,-251921000.0,,-277882000.0,-13243000.0,-331378000.0,,27149000.0,
Ventas Inc,VTR,ORQTRC074CWLT3DKHT41,740260,2010.0,Q3TTM,2009-10-01,2010-09-30,,7312000.0,175298000.0,207018000.0,,-10956000.0,,495721000.0,-145790000.0,-336406000.0,444631000.0,-145790000.0,-336406000.0,445023000.0,-37173000.0,225805000.0,225805000.0,15452000.0,-6599000.0,-4500000.0,-332234000.0,,-306299000.0,-19857000.0,-302678000.0,,-5750000.0,
Ventas Inc,VTR,ORQTRC074CWLT3DKHT41,740260,2010.0,Q3,2010-07-01,2010-09-30,,451000.0,,52200000.0,,20707000.0,,316265000.0,114516000.0,-247039000.0,138010000.0,114516000.0,-247039000.0,138402000.0,5879000.0,58894000.0,58894000.0,5758000.0,-1450000.0,-4500000.0,-84092000.0,,-239171000.0,-6165000.0,-116207000.0,,2797000.0,
Ventas Inc,VTR,ORQTRC074CWLT3DKHT41,740260,2010.0,Q2YTD,2010-01-01,2010-06-30,2010-07-30 16:25:27+00:00,1424000.0,,102722000.0,,-16432000.0,,117976000.0,-265835000.0,-21437000.0,207717000.0,-265835000.0,-21437000.0,207717000.0,-79555000.0,112133000.0,112133000.0,7870000.0,-811000.0,,-167829000.0,,-38711000.0,-7078000.0,-215171000.0,,24352000.0,
Ventas Inc,VTR,ORQTRC074CWLT3DKHT41,740260,2010.0,Q2TTM,2009-07-01,2010-06-30,,7218000.0,175298000.0,205163000.0,,-13379000.0,,182543000.0,-358130000.0,-95498000.0,434676000.0,-358130000.0,-95498000.0,434676000.0,-18952000.0,217341000.0,217341000.0,18333000.0,-10746000.0,,-328413000.0,,-71498000.0,-16848000.0,-201514000.0,,-7152000.0,
Ventas Inc,VTR,ORQTRC074CWLT3DKHT41,740260,2010.0,Q2,2010-04-01,2010-06-30,,819000.0,,50185000.0,,-22496000.0,,88691000.0,-204499000.0,8568000.0,92156000.0,-204764000.0,8568000.0,92156000.0,-104040000.0,58965000.0,58965000.0,4683000.0,-1878000.0,,-83948000.0,,-11055000.0,-2783000.0,-207364000.0,,22406000.0,
Ventas Inc,VTR,ORQTRC074CWLT3DKHT41,740260,2010.0,Q1,2010-01-01,2010-03-31,2010-04-30 16:04:57+00:00,605000.0,,52537000.0,,6064000.0,,29285000.0,-61336000.0,-30005000.0,115561000.0,-61071000.0,-30005000.0,115561000.0,24485000.0,53168000.0,53168000.0,3187000.0,1067000.0,,-83881000.0,,-27656000.0,-4295000.0,-7807000.0,,1946000.0,
Ventas Inc,VTR,ORQTRC074CWLT3DKHT41,740260,2010.0,Q1TTM,2009-04-01,2010-03-31,,6436000.0,175298000.0,203887000.0,,-10850000.0,299201000.0,385766000.0,-318436000.0,-70385000.0,424106000.0,-318171000.0,-70385000.0,424106000.0,35550000.0,247559000.0,247559000.0,-22926000.0,-14219000.0,,-324734000.0,,-71414000.0,-14223000.0,-664450000.0,,15252000.0,
Ventas Inc,VTR,ORQTRC074CWLT3DKHT41,740260,2011.0,Q4,2011-10-01,2011-12-31,,-3683000.0,257175000.0,166163000.0,,-22850000.0,299847000.0,489339000.0,-186508000.0,-154515000.0,329296000.0,-186508000.0,-154515000.0,329296000.0,-11727000.0,192497000.0,192497000.0,-2831000.0,-313302000.0,-19731000.0,-168473000.0,,-198563000.0,-46173000.0,-493919000.0,,109952000.0,
Ventas Inc,VTR,ORQTRC074CWLT3DKHT41,740260,2011.0,FY,2011-01-01,2011-12-31,2014-09-04 16:28:44+00:00,-25322000.0,257175000.0,459704000.0,,-28843000.0,299847000.0,1881092000.0,248282000.0,-997439000.0,773197000.0,248282000.0,-997439000.0,773197000.0,24040000.0,363261000.0,363261000.0,4397000.0,-20290000.0,0.0,-523405000.0,,-1163222000.0,-98064000.0,-1388962000.0,,263847000.0,0.0
Ventas Inc,VTR,ORQTRC074CWLT3DKHT41,740260,2011.0,Q3YTD,2011-01-01,2011-09-30,2011-11-07 14:43:31+00:00,-21639000.0,,293541000.0,,-5993000.0,,1391753000.0,434790000.0,-842924000.0,443901000.0,434790000.0,-842924000.0,443901000.0,35767000.0,170764000.0,170764000.0,7228000.0,293012000.0,19731000.0,-354932000.0,,-964659000.0,-51891000.0,-895043000.0,,153895000.0,
Ventas Inc,VTR,ORQTRC074CWLT3DKHT41,740260,2011.0,Q3TTM,2010-10-01,2011-09-30,,-16528000.0,161352000.0,344683000.0,,-18790000.0,,1583458000.0,354657000.0,-876368000.0,545796000.0,354657000.0,-876368000.0,545404000.0,23693000.0,249466000.0,249466000.0,-13035000.0,298720000.0,24231000.0,-439096000.0,,-1046296000.0,-58503000.0,-1088425000.0,,204200000.0,
Ventas Inc,VTR,ORQTRC074CWLT3DKHT41,740260,2011.0,Q3,2011-07-01,2011-09-30,,-19672000.0,,161027000.0,,6535000.0,,687642000.0,-128305000.0,-98318000.0,257601000.0,-128305000.0,-98318000.0,257601000.0,30978000.0,101984000.0,101984000.0,7727000.0,-105348000.0,75000.0,-152983000.0,,-87270000.0,-32655000.0,-557616000.0,,21532000.0,
Ventas Inc,VTR,ORQTRC074CWLT3DKHT41,740260,2011.0,Q2YTD,2011-01-01,2011-06-30,2011-08-05 17:24:21+00:00,-1967000.0,,132514000.0,,-12528000.0,,704111000.0,563095000.0,-744606000.0,186300000.0,563095000.0,-744606000.0,186300000.0,4789000.0,68780000.0,68780000.0,-499000.0,398360000.0,19656000.0,-201949000.0,,-877389000.0,-19236000.0,-337427000.0,,132363000.0,
Ventas Inc,VTR,ORQTRC074CWLT3DKHT41,740260,2011.0,Q2TTM,2010-07-01,2011-06-30,,3595000.0,161352000.0,235856000.0,,-4618000.0,,1212081000.0,597478000.0,-1025089000.0,426205000.0,597478000.0,-1025089000.0,426205000.0,-1406000.0,206376000.0,206376000.0,-15004000.0,402618000.0,19656000.0,-370205000.0,,-1198197000.0,-32013000.0,-647016000.0,,185465000.0,
Ventas Inc,VTR,ORQTRC074CWLT3DKHT41,740260,2011.0,Q2,2011-04-01,2011-06-30,,-2604000.0,,80755000.0,,-26630000.0,,689481000.0,705551000.0,-776287000.0,55531000.0,705551000.0,-776287000.0,55531000.0,-15205000.0,19734000.0,19734000.0,-15724000.0,130639000.0,-38000.0,-108211000.0,,-877389000.0,-11273000.0,-6358000.0,,112413000.0,
Ventas Inc,VTR,ORQTRC074CWLT3DKHT41,740260,2011.0,Q1,2011-01-01,2011-03-31,2011-05-06 16:24:07+00:00,637000.0,,51759000.0,,14102000.0,,14630000.0,-142456000.0,31681000.0,130769000.0,-142456000.0,31681000.0,130769000.0,19994000.0,49046000.0,49046000.0,15225000.0,267721000.0,19694000.0,-93738000.0,,,-7963000.0,-331069000.0,,19950000.0,
Ventas Inc,VTR,ORQTRC074CWLT3DKHT41,740260,2011.0,Q1TTM,2010-04-01,2011-03-31,,7018000.0,161352000.0,205286000.0,,-484000.0,,611291000.0,-312572000.0,-240234000.0,462830000.0,-312837000.0,-240234000.0,462830000.0,-90241000.0,245607000.0,245607000.0,5403000.0,270101000.0,19694000.0,-345942000.0,,-331863000.0,-23523000.0,-848022000.0,,95458000.0,
Ventas Inc,VTR,ORQTRC074CWLT3DKHT41,740260,2012.0,Q4,2012-10-01,2012-12-31,,-12770000.0,329655000.0,201748000.0,,19622000.0,,978040000.0,681662000.0,-955783000.0,283497000.0,681662000.0,-955783000.0,283497000.0,9376000.0,86126000.0,86126000.0,-11229000.0,-21961000.0,-28050000.0,-184394000.0,,-996492000.0,-51043000.0,-90023000.0,,119802000.0,
Ventas Inc,VTR,ORQTRC074CWLT3DKHT41,740260,2012.0,FY,2012-01-01,2012-12-31,2015-02-13 16:57:46+00:00,-57061000.0,329655000.0,764775000.0,,-10847000.0,342469000.0,2795343000.0,1198914000.0,-2169689000.0,992816000.0,1198914000.0,-2169689000.0,992816000.0,22041000.0,361775000.0,361775000.0,-65826000.0,-12883000.0,-28050000.0,-732992000.0,,-2187971000.0,-183432000.0,-1193023000.0,,229764000.0,
Ventas Inc,VTR,ORQTRC074CWLT3DKHT41,740260,2012.0,Q3YTD,2012-01-01,2012-09-30,2012-10-26 15:52:17+00:00,-44291000.0,,563027000.0,,-30469000.0,342469000.0,1817303000.0,517252000.0,-1213906000.0,709319000.0,517252000.0,-1213906000.0,709319000.0,12665000.0,275649000.0,275649000.0,-54597000.0,9078000.0,,-548598000.0,,-1191479000.0,-132389000.0,-1103000000.0,,109962000.0,
Ventas Inc,VTR,ORQTRC074CWLT3DKHT41,740260,2012.0,Q3TTM,2011-10-01,2012-09-30,,-47974000.0,257175000.0,729190000.0,,-53319000.0,642316000.0,2306642000.0,330744000.0,-1368421000.0,1038615000.0,330744000.0,-1368421000.0,1038615000.0,938000.0,468146000.0,468146000.0,-57428000.0,-304224000.0,-19731000.0,-717071000.0,,-1390042000.0,-178562000.0,-1596919000.0,,219914000.0,
Ventas Inc,VTR,ORQTRC074CWLT3DKHT41,740260,2012.0,Q3,2012-07-01,2012-09-30,,-14277000.0,,196622000.0,,-7374000.0,,547988000.0,-3969000.0,-238855000.0,248511000.0,-3969000.0,-238855000.0,248511000.0,5687000.0,111821000.0,111821000.0,-38281000.0,1067000.0,,-184400000.0,,-258731000.0,-48016000.0,-368624000.0,,67892000.0,
Ventas Inc,VTR,ORQTRC074CWLT3DKHT41,740260,2012.0,Q2YTD,2012-01-01,2012-06-30,2012-07-27 13:56:08+00:00,-30014000.0,,366405000.0,,-23095000.0,342469000.0,1269315000.0,521221000.0,-975051000.0,460808000.0,521221000.0,-975051000.0,460808000.0,6978000.0,163828000.0,163828000.0,-16316000.0,8011000.0,,-364198000.0,,-932748000.0,-84373000.0,-734376000.0,,42070000.0,
Ventas Inc,VTR,ORQTRC074CWLT3DKHT41,740260,2012.0,Q2TTM,2011-07-01,2012-06-30,,-53369000.0,257175000.0,693595000.0,,-39410000.0,642316000.0,2446296000.0,206408000.0,-1227884000.0,1047705000.0,206408000.0,-1227884000.0,1047705000.0,26229000.0,458309000.0,458309000.0,-11420000.0,-410639000.0,-19656000.0,-685654000.0,,-1218581000.0,-163201000.0,-1785911000.0,,173554000.0,
Ventas Inc,VTR,ORQTRC074CWLT3DKHT41,740260,2012.0,Q2,2012-04-01,2012-06-30,,-14746000.0,,201769000.0,,-19822000.0,342469000.0,601985000.0,718508000.0,-934739000.0,215847000.0,718508000.0,-934739000.0,215847000.0,-384000.0,73736000.0,73736000.0,-25090000.0,11064000.0,,-183833000.0,,-907638000.0,-43080000.0,-53177000.0,,15979000.0,
Ventas Inc,VTR,ORQTRC074CWLT3DKHT41,740260,2012.0,Q1,2012-01-01,2012-03-31,2012-04-27 14:11:51+00:00,-15268000.0,,164636000.0,,-3273000.0,0.0,667330000.0,-197287000.0,-40312000.0,244961000.0,-197287000.0,-40312000.0,244961000.0,7362000.0,90092000.0,90092000.0,8774000.0,-3053000.0,,-180365000.0,,-25110000.0,-41293000.0,-681199000.0,,26091000.0,
Ventas Inc,VTR,ORQTRC074CWLT3DKHT41,740260,2012.0,Q1TTM,2011-04-01,2012-03-31,,-41227000.0,257175000.0,572581000.0,,-46218000.0,299847000.0,2533792000.0,193451000.0,-1069432000.0,887389000.0,193451000.0,-1069432000.0,887389000.0,11408000.0,404307000.0,404307000.0,-2054000.0,-291064000.0,-19694000.0,-610032000.0,,-1188332000.0,-131394000.0,-1739092000.0,,269988000.0,
Ventas Inc,VTR,ORQTRC074CWLT3DKHT41,740260,2013.0,FY,2013-01-01,2013-12-31,2016-02-12 16:59:29+00:00,-32538000.0,338311000.0,769881000.0,,23805000.0,141343000.0,2767546000.0,114996000.0,-1282760000.0,1194755000.0,114996000.0,-1282760000.0,1194755000.0,26991000.0,454669000.0,454669000.0,-21062000.0,-20923000.0,17289000.0,-816449000.0,,-1489296000.0,-177355000.0,-1956521000.0,,366602000.0,
Ventas Inc,VTR,ORQTRC074CWLT3DKHT41,740260,2013.0,Q4,2013-10-01,2013-12-31,,-8003000.0,338311000.0,200556000.0,,57983000.0,35341000.0,1000702000.0,-214499000.0,-104659000.0,359326000.0,-214499000.0,-104659000.0,359326000.0,40168000.0,108439000.0,108439000.0,351000.0,-2939000.0,2100000.0,-224200000.0,,-87507000.0,-52014000.0,-1023403000.0,,32762000.0,
Ventas Inc,VTR,ORQTRC074CWLT3DKHT41,740260,2013.0,Q3YTD,2013-01-01,2013-09-30,2013-10-25 16:02:11+00:00,-24535000.0,,569325000.0,,-34178000.0,106002000.0,1766844000.0,329495000.0,-1178101000.0,835429000.0,329495000.0,-1178101000.0,835429000.0,-13177000.0,346230000.0,346230000.0,-21413000.0,-17984000.0,15189000.0,-592249000.0,,-1401789000.0,-125341000.0,-933118000.0,,333840000.0,0.0
Ventas Inc,VTR,ORQTRC074CWLT3DKHT41,740260,2013.0,Q3TTM,2012-10-01,2013-09-30,,-37305000.0,329655000.0,771073000.0,,-14556000.0,106002000.0,2744884000.0,1011157000.0,-2133884000.0,1118926000.0,1011157000.0,-2133884000.0,1118926000.0,-3801000.0,432356000.0,432356000.0,-32642000.0,-39945000.0,-12861000.0,-776643000.0,,-2398281000.0,-176384000.0,-1023141000.0,,453642000.0,
Ventas Inc,VTR,ORQTRC074CWLT3DKHT41,740260,2013.0,Q3,2013-07-01,2013-09-30,,-8131000.0,,188393000.0,,34869000.0,23618000.0,848389000.0,698991000.0,-1034511000.0,327741000.0,698991000.0,-1034511000.0,327741000.0,-7779000.0,118599000.0,118599000.0,-5989000.0,-8636000.0,3373000.0,-197706000.0,,-1079300000.0,-44598000.0,33326000.0,,86014000.0,
Ventas Inc,VTR,ORQTRC074CWLT3DKHT41,740260,2013.0,Q2YTD,2013-01-01,2013-06-30,2013-07-26 15:19:34+00:00,-16404000.0,,380932000.0,,-69047000.0,82384000.0,918455000.0,-369496000.0,-143590000.0,507688000.0,-369496000.0,-143590000.0,507688000.0,-5398000.0,227631000.0,227631000.0,-15424000.0,-9348000.0,11816000.0,-394543000.0,,-322489000.0,-80743000.0,-966444000.0,,247826000.0,0.0
Ventas Inc,VTR,ORQTRC074CWLT3DKHT41,740260,2013.0,Q2TTM,2012-07-01,2013-06-30,,-43451000.0,329655000.0,779302000.0,,-56799000.0,82384000.0,2444483000.0,308197000.0,-1338228000.0,1039696000.0,308197000.0,-1338228000.0,1039696000.0,9665000.0,425578000.0,425578000.0,-64934000.0,-30242000.0,-16234000.0,-763337000.0,,-1577712000.0,-179802000.0,-1425091000.0,,435520000.0,
Ventas Inc,VTR,ORQTRC074CWLT3DKHT41,740260,2013.0,Q2,2013-04-01,2013-06-30,,-11075000.0,,193989000.0,,-3940000.0,77334000.0,1584000.0,-69549000.0,-203063000.0,277383000.0,-69549000.0,-203063000.0,277383000.0,4771000.0,114533000.0,114533000.0,-16124000.0,3960000.0,6376000.0,-197692000.0,,-260261000.0,-39360000.0,45265000.0,,90182000.0,
Ventas Inc,VTR,ORQTRC074CWLT3DKHT41,740260,2013.0,Q1TTM,2012-04-01,2013-03-31,,-47122000.0,329655000.0,787082000.0,,-72681000.0,347519000.0,3044884000.0,1096254000.0,-2069904000.0,978160000.0,1096254000.0,-2069904000.0,978160000.0,4510000.0,384781000.0,384781000.0,-73900000.0,-23138000.0,-22610000.0,-749478000.0,,-2225089000.0,-183522000.0,-1523533000.0,,361317000.0,
Ventas Inc,VTR,ORQTRC074CWLT3DKHT41,740260,2013.0,Q1,2013-01-01,2013-03-31,2014-09-04 16:36:14+00:00,-5329000.0,,186943000.0,,-65107000.0,5050000.0,916871000.0,-299947000.0,59473000.0,230305000.0,-299947000.0,59473000.0,230305000.0,-10169000.0,113098000.0,113098000.0,700000.0,-13308000.0,5440000.0,-196851000.0,,-62228000.0,-41383000.0,-1011709000.0,,157644000.0,
Ventas Inc,VTR,ORQTRC074CWLT3DKHT41,740260,2014.0,FY,2014-01-01,2014-12-31,2017-02-13 21:18:07+00:00,-19183000.0,361144000.0,828467000.0,,-5305000.0,242107000.0,2547910000.0,758057000.0,-2055040000.0,1254845000.0,758057000.0,-2055040000.0,1254845000.0,-42138000.0,477001000.0,477001000.0,-26135000.0,10370000.0,-1008000.0,-890935000.0,,-2073082000.0,-194442000.0,-1151395000.0,,213492000.0,
Ventas Inc,VTR,ORQTRC074CWLT3DKHT41,740260,2014.0,Q4,2014-10-01,2014-12-31,,-18567000.0,361144000.0,241291000.0,,22546000.0,242107000.0,540203000.0,476036000.0,-818870000.0,334873000.0,476036000.0,-818870000.0,334873000.0,-7961000.0,107597000.0,107597000.0,-17994000.0,32627000.0,-3610000.0,-246307000.0,,-771912000.0,-66832000.0,-92594000.0,,23484000.0,
Ventas Inc,VTR,ORQTRC074CWLT3DKHT41,740260,2014.0,Q3TTM,2013-10-01,2014-09-30,,-8619000.0,338311000.0,787732000.0,,30132000.0,35341000.0,3008409000.0,67522000.0,-1340829000.0,1279298000.0,67522000.0,-1340829000.0,1279298000.0,5991000.0,477843000.0,477843000.0,-7790000.0,-25196000.0,4702000.0,-868828000.0,,-1388677000.0,-179624000.0,-2082204000.0,,222770000.0,
Ventas Inc,VTR,ORQTRC074CWLT3DKHT41,740260,2014.0,Q3,2014-07-01,2014-09-30,,,,,,,,0.0,,-1236170000.0,919972000.0,500079000.0,-850737000.0,324270000.0,-26388000.0,0.0,,-595702000.0,0.0,385433000.0,0.0,,,,0.0,,,
Ventas Inc,VTR,ORQTRC074CWLT3DKHT41,740260,2014.0,Q3YTD,2014-01-01,2014-09-30,2015-10-26 17:20:21+00:00,-616000.0,,587176000.0,0.0,-27851000.0,0.0,2007707000.0,282021000.0,-1236170000.0,919972000.0,282021000.0,-1236170000.0,919972000.0,-34177000.0,369404000.0,369404000.0,-8141000.0,-22257000.0,2602000.0,-644628000.0,,-1301170000.0,-127610000.0,-1058801000.0,,190008000.0,
Ventas Inc,VTR,ORQTRC074CWLT3DKHT41,740260,2014.0,Q2TTM,2013-07-01,2014-06-30,,-26065000.0,338311000.0,774889000.0,,57697000.0,58959000.0,2545752000.0,266434000.0,-1524603000.0,1282769000.0,266434000.0,-1524603000.0,1282769000.0,24600000.0,486878000.0,486878000.0,-10630000.0,-23903000.0,8075000.0,-851620000.0,,-1533223000.0,-176561000.0,-1462754000.0,,177106000.0,
Ventas Inc,VTR,ORQTRC074CWLT3DKHT41,740260,2014.0,Q2,2014-04-01,2014-06-30,,-963000.0,,192064000.0,,-11699000.0,,514907000.0,-116401000.0,-167083000.0,311281000.0,-116401000.0,-167083000.0,311281000.0,27797000.0,138566000.0,138566000.0,-6687000.0,-11565000.0,,-214839000.0,,-158233000.0,-39867000.0,-404904000.0,,31017000.0,
Ventas Inc,VTR,ORQTRC074CWLT3DKHT41,740260,2014.0,Q1TTM,2013-04-01,2014-03-31,,-29174000.0,338311000.0,776814000.0,,58453000.0,136293000.0,2032429000.0,313286000.0,-1560583000.0,1248871000.0,313286000.0,-1560583000.0,1248871000.0,1574000.0,462845000.0,462845000.0,-20067000.0,-8378000.0,14451000.0,-834473000.0,,-1635251000.0,-176054000.0,-1012585000.0,,236271000.0,
Ventas Inc,VTR,ORQTRC074CWLT3DKHT41,740260,2014.0,Q1,2014-01-01,2014-03-31,2015-04-24 16:35:39+00:00,-1965000.0,,193876000.0,,-30459000.0,,181754000.0,-101657000.0,-218350000.0,284421000.0,-101657000.0,-218350000.0,284421000.0,-35586000.0,121274000.0,121274000.0,1695000.0,-763000.0,2602000.0,-214875000.0,,-208183000.0,-40082000.0,-67773000.0,,27313000.0,
Ventas Inc,VTR,ORQTRC074CWLT3DKHT41,740260,2015.0,FY,2015-01-01,2015-12-31,2018-02-09 15:49:50+00:00,5448000.0,391699000.0,973663000.0,,35938000.0,491023000.0,3912747000.0,1023058000.0,-2423692000.0,1398831000.0,1023058000.0,-2423692000.0,1398831000.0,-1803000.0,419222000.0,419222000.0,-35440000.0,-203151000.0,4003000.0,-1018508000.0,,-2998592000.0,-107487000.0,-2159053000.0,,678384000.0,
Ventas Inc,VTR,ORQTRC074CWLT3DKHT41,740260,2015.0,Q4,2015-10-01,2015-12-31,,2397000.0,391699000.0,236793000.0,,27673000.0,73205000.0,1686000.0,-219584000.0,-169127000.0,376786000.0,-219584000.0,-169127000.0,376786000.0,-11925000.0,125060000.0,125060000.0,-15137000.0,-8741000.0,,-246157000.0,,-312952000.0,58783000.0,-39577000.0,,85042000.0,
Ventas Inc,VTR,ORQTRC074CWLT3DKHT41,740260,2015.0,Q3YTD,2015-01-01,2015-09-30,2016-10-28 17:04:37+00:00,3051000.0,,736870000.0,,8265000.0,417818000.0,3911061000.0,1242642000.0,-2254565000.0,1022045000.0,1242642000.0,-2254565000.0,1022045000.0,10122000.0,294162000.0,294162000.0,-20303000.0,-194410000.0,4003000.0,-772351000.0,,-2685640000.0,-166270000.0,-2119476000.0,,593342000.0,
Ventas Inc,VTR,ORQTRC074CWLT3DKHT41,740260,2015.0,Q3TTM,2014-10-01,2015-09-30,,-15516000.0,361144000.0,978161000.0,,30811000.0,659925000.0,4451264000.0,1718678000.0,-3073435000.0,1356918000.0,1718678000.0,-3073435000.0,1356918000.0,2161000.0,401759000.0,401759000.0,-38297000.0,-161783000.0,393000.0,-1018658000.0,,-3457552000.0,-233102000.0,-2212070000.0,,616826000.0,
Ventas Inc,VTR,ORQTRC074CWLT3DKHT41,740260,2015.0,Q3,2015-07-01,2015-09-30,,2142000.0,,240210000.0,,33001000.0,65651000.0,2803090000.0,958532000.0,-1257818000.0,304321000.0,958532000.0,-1257818000.0,304321000.0,5035000.0,23117000.0,23117000.0,5851000.0,-139259000.0,,-251250000.0,,-1367258000.0,-60211000.0,-1519700000.0,,169651000.0,
Ventas Inc,VTR,ORQTRC074CWLT3DKHT41,740260,2015.0,Q2YTD,2015-01-01,2015-06-30,2016-07-29 16:03:30+00:00,909000.0,,496660000.0,,-24736000.0,352167000.0,1107971000.0,284110000.0,-996747000.0,717724000.0,284110000.0,-996747000.0,717724000.0,5087000.0,271045000.0,271045000.0,-26154000.0,-55151000.0,4003000.0,-521101000.0,,-1318382000.0,-106059000.0,-599776000.0,,423691000.0,
Ventas Inc,VTR,ORQTRC074CWLT3DKHT41,740260,2015.0,Q2TTM,2014-07-01,2015-06-30,,,361144000.0,,,,0.0,0.0,,-3051787000.0,1972569000.0,1260225000.0,-2666354000.0,1376867000.0,-29262000.0,0.0,,-595702000.0,0.0,385433000.0,0.0,,,,0.0,,,
Ventas Inc,VTR,ORQTRC074CWLT3DKHT41,740260,2015.0,Q2,2015-04-01,2015-06-30,,1428000.0,,249207000.0,,-14940000.0,66840000.0,15138000.0,-345435000.0,-88217000.0,373555000.0,-345435000.0,-88217000.0,373555000.0,-60097000.0,150286000.0,150286000.0,-12426000.0,-41355000.0,,-263826000.0,,-202090000.0,-51421000.0,-122232000.0,,165294000.0,
Ventas Inc,VTR,ORQTRC074CWLT3DKHT41,740260,2015.0,Q1,2015-01-01,2015-03-31,2016-04-29 16:24:19+00:00,-519000.0,,247453000.0,,-9796000.0,285327000.0,1092833000.0,629545000.0,-908530000.0,344169000.0,629545000.0,-908530000.0,344169000.0,65184000.0,120759000.0,120759000.0,-13728000.0,-13796000.0,4003000.0,-257275000.0,,-1116292000.0,-54638000.0,-477544000.0,,258397000.0,
Ventas Inc,VTR,ORQTRC074CWLT3DKHT41,740260,2015.0,Q1TTM,2014-04-01,2015-03-31,,-17737000.0,361144000.0,882044000.0,,15358000.0,527434000.0,3458989000.0,1489259000.0,-2745220000.0,1314593000.0,1489259000.0,-2745220000.0,1314593000.0,58632000.0,476486000.0,476486000.0,-41558000.0,-2663000.0,393000.0,-933335000.0,,-2981191000.0,-208998000.0,-1561166000.0,,444576000.0,
Ventas Inc,VTR,ORQTRC074CWLT3DKHT41,740260,2016.0,FY,2016-01-01,2016-12-31,2019-02-08 17:23:47+00:00,-9979000.0,395138000.0,898924000.0,,-48174000.0,1286680000.0,893218000.0,96838000.0,-1214280000.0,1354702000.0,96838000.0,-1214280000.0,1354702000.0,237260000.0,651490000.0,651490000.0,-137559000.0,8298000.0,0.0,-1033608000.0,,-1722313000.0,-117456000.0,-1057750000.0,,625489000.0,
Ventas Inc,VTR,ORQTRC074CWLT3DKHT41,740260,2016.0,Q4,2016-10-01,2016-12-31,,-17153000.0,395138000.0,232189000.0,,-2623000.0,20978000.0,-30127000.0,-428501000.0,280506000.0,348556000.0,-428501000.0,280506000.0,348556000.0,200561000.0,208832000.0,208832000.0,-72689000.0,-1387000.0,,-276720000.0,,-45199000.0,-42160000.0,-141245000.0,,367865000.0,
Ventas Inc,VTR,ORQTRC074CWLT3DKHT41,740260,2016.0,Q3YTD,2016-01-01,2016-09-30,2017-10-27 17:01:16+00:00,7174000.0,,666735000.0,,-45551000.0,1265702000.0,923345000.0,525339000.0,-1494786000.0,1006146000.0,525339000.0,-1494786000.0,1006146000.0,36699000.0,442658000.0,442658000.0,-64870000.0,9685000.0,0.0,-756888000.0,,-1677114000.0,-75296000.0,-916505000.0,,257624000.0,
Ventas Inc,VTR,ORQTRC074CWLT3DKHT41,740260,2016.0,Q3TTM,2015-10-01,2016-09-30,,9571000.0,391699000.0,903528000.0,,-17878000.0,1338907000.0,925031000.0,305755000.0,-1663913000.0,1382932000.0,305755000.0,-1663913000.0,1382932000.0,24774000.0,567718000.0,567718000.0,-80007000.0,944000.0,,-1003045000.0,,-1990066000.0,-16513000.0,-956082000.0,,342666000.0,
Ventas Inc,VTR,ORQTRC074CWLT3DKHT41,740260,2016.0,Q3,2016-07-01,2016-09-30,,2487000.0,,208387000.0,,-3407000.0,887963000.0,482824000.0,945052000.0,-1258219000.0,345410000.0,945052000.0,-1258219000.0,345410000.0,32243000.0,150184000.0,150184000.0,-12241000.0,9413000.0,,-258980000.0,,-1485946000.0,41308000.0,-176168000.0,,186419000.0,
Ventas Inc,VTR,ORQTRC074CWLT3DKHT41,740260,2016.0,Q2YTD,2016-01-01,2016-06-30,2017-07-28 15:32:19+00:00,4687000.0,,458348000.0,,-42144000.0,377739000.0,440521000.0,-419713000.0,-236567000.0,660736000.0,-419713000.0,-236567000.0,660736000.0,4456000.0,292474000.0,292474000.0,-52629000.0,272000.0,,-497908000.0,,-191168000.0,-116604000.0,-740337000.0,,71205000.0,
Ventas Inc,VTR,ORQTRC074CWLT3DKHT41,740260,2016.0,Q2TTM,2015-07-01,2016-06-30,,9226000.0,391699000.0,935351000.0,,18530000.0,516595000.0,3245297000.0,319235000.0,-1663512000.0,1341843000.0,319235000.0,-1663512000.0,1341843000.0,-2434000.0,440651000.0,440651000.0,-61915000.0,-147728000.0,,-995315000.0,,-1871378000.0,-118032000.0,-2299614000.0,,325898000.0,
Ventas Inc,VTR,ORQTRC074CWLT3DKHT41,740260,2016.0,Q2,2016-04-01,2016-06-30,,2241000.0,,221961000.0,,32018000.0,228108000.0,302936000.0,-307875000.0,-69816000.0,383587000.0,-307875000.0,-69816000.0,383587000.0,5896000.0,143440000.0,143440000.0,-16073000.0,198000.0,,-250089000.0,,-27069000.0,-58116000.0,-589028000.0,,15369000.0,
Ventas Inc,VTR,ORQTRC074CWLT3DKHT41,740260,2016.0,Q1,2016-01-01,2016-03-31,2017-04-28 16:23:48+00:00,2446000.0,,236387000.0,,-74162000.0,149631000.0,137585000.0,-111838000.0,-166751000.0,277149000.0,-111838000.0,-166751000.0,277149000.0,-1440000.0,149034000.0,149034000.0,-36556000.0,74000.0,,-247819000.0,,-164099000.0,-58488000.0,-151309000.0,,55836000.0,
Ventas Inc,VTR,ORQTRC074CWLT3DKHT41,740260,2016.0,Q1TTM,2015-04-01,2016-03-31,,8413000.0,391699000.0,962597000.0,,-28428000.0,355327000.0,2957499000.0,281675000.0,-1681913000.0,1331811000.0,281675000.0,-1681913000.0,1331811000.0,-68427000.0,447497000.0,447497000.0,-58268000.0,-189281000.0,,-1009052000.0,,-2046399000.0,-111337000.0,-1832818000.0,,475823000.0,
Ventas Inc,VTR,ORQTRC074CWLT3DKHT41,740260,2017.0,FY,2017-01-01,2017-12-31,2020-02-21 19:52:51+00:00,-4479000.0,409890000.0,887948000.0,,-53473000.0,73596000.0,1496432000.0,-671327000.0,-937107000.0,1428752000.0,-671327000.0,-937107000.0,1428752000.0,-179682000.0,1361112000.0,1361112000.0,-762356000.0,-39309000.0,,-832962000.0,,-1773108000.0,-132558000.0,-1369084000.0,0.0,968559000.0,
Ventas Inc,VTR,ORQTRC074CWLT3DKHT41,740260,2017.0,Q4,2017-10-01,2017-12-31,,618000.0,409890000.0,232650000.0,,-25272000.0,,53257000.0,-93073000.0,-226697000.0,346527000.0,-93073000.0,-226697000.0,346527000.0,26757000.0,393805000.0,393805000.0,-255274000.0,-2771000.0,,,,-439762000.0,-49171000.0,-143559000.0,,262236000.0,
Ventas Inc,VTR,ORQTRC074CWLT3DKHT41,740260,2017.0,Q3YTD,2017-01-01,2017-09-30,2018-10-26 16:08:10+00:00,-5097000.0,,655298000.0,,-28201000.0,73596000.0,1443175000.0,-578254000.0,-710410000.0,1082225000.0,-578254000.0,-710410000.0,1082225000.0,-206439000.0,967307000.0,967307000.0,-507082000.0,-36538000.0,,-832962000.0,,-1333346000.0,-83387000.0,-1225525000.0,,706323000.0,
Ventas Inc,VTR,ORQTRC074CWLT3DKHT41,740260,2017.0,Q3TTM,2016-10-01,2017-09-30,,-22250000.0,395138000.0,887487000.0,,-30824000.0,94574000.0,1413048000.0,-1006755000.0,-429904000.0,1430781000.0,-1006755000.0,-429904000.0,1430781000.0,-5878000.0,1176139000.0,1176139000.0,-579771000.0,-37925000.0,,-1109682000.0,,-1378545000.0,-125547000.0,-1366770000.0,,1074188000.0,
Ventas Inc,VTR,ORQTRC074CWLT3DKHT41,740260,2017.0,Q3,2017-07-01,2017-09-30,,-11681000.0,,213407000.0,,1897000.0,,50210000.0,-805871000.0,439554000.0,358824000.0,-805871000.0,439554000.0,358824000.0,-7493000.0,615191000.0,615191000.0,-459990000.0,-8815000.0,,-278277000.0,,-108304000.0,-27435000.0,-568989000.0,,575293000.0,
Ventas Inc,VTR,ORQTRC074CWLT3DKHT41,740260,2017.0,Q2YTD,2017-01-01,2017-06-30,2018-07-27 15:56:44+00:00,6584000.0,,441891000.0,,-30098000.0,73596000.0,1392965000.0,227617000.0,-1149964000.0,723401000.0,227617000.0,-1149964000.0,723401000.0,-198946000.0,352116000.0,352116000.0,-47092000.0,-27723000.0,0.0,-554685000.0,,-1225042000.0,-55952000.0,-656536000.0,,131030000.0,
Ventas Inc,VTR,ORQTRC074CWLT3DKHT41,740260,2017.0,Q2TTM,2016-07-01,2017-06-30,,-8082000.0,395138000.0,882467000.0,,-36128000.0,982537000.0,1845662000.0,744168000.0,-2127677000.0,1417367000.0,744168000.0,-2127677000.0,1417367000.0,33858000.0,711132000.0,711132000.0,-132022000.0,-19697000.0,,-1090385000.0,,-2756187000.0,-56804000.0,-973949000.0,,685314000.0,
Ventas Inc,VTR,ORQTRC074CWLT3DKHT41,740260,2017.0,Q2,2017-04-01,2017-06-30,,4124000.0,,224108000.0,,-2440000.0,73596000.0,572929000.0,-275458000.0,-117298000.0,377587000.0,-275458000.0,-117298000.0,377587000.0,-15169000.0,152968000.0,152968000.0,-1173000.0,-8519000.0,,-277424000.0,,-126455000.0,-32117000.0,-636040000.0,,41274000.0,
Ventas Inc,VTR,ORQTRC074CWLT3DKHT41,740260,2017.0,Q1,2017-01-01,2017-03-31,2018-04-27 16:58:09+00:00,2460000.0,,217783000.0,,-27658000.0,,820036000.0,503075000.0,-1032666000.0,345814000.0,503075000.0,-1032666000.0,345814000.0,-183777000.0,199148000.0,199148000.0,-45919000.0,-19204000.0,,-277261000.0,,-1098587000.0,-23835000.0,-20496000.0,,89756000.0,
Ventas Inc,VTR,ORQTRC074CWLT3DKHT41,740260,2017.0,Q1TTM,2016-04-01,2017-03-31,,-9965000.0,395138000.0,880320000.0,,-1670000.0,1137049000.0,1575669000.0,711751000.0,-2080195000.0,1423367000.0,711751000.0,-2080195000.0,1423367000.0,54923000.0,701604000.0,701604000.0,-146922000.0,-10980000.0,,-1063050000.0,,-2656801000.0,-82803000.0,-926937000.0,,659409000.0,
Ventas Inc,VTR,ORQTRC074CWLT3DKHT41,740260,2018.0,FY,2018-01-01,2018-12-31,2020-02-21 19:52:51+00:00,-11774000.0,406907000.0,919639000.0,,-55715000.0,0.0,2870936000.0,-1761937000.0,324496000.0,1381467000.0,-1761937000.0,324496000.0,1381467000.0,-55974000.0,415981000.0,415981000.0,113336000.0,-31322000.0,,-1134602000.0,,-873324000.0,-131858000.0,-3465579000.0,-1370000.0,1329678000.0,
Ventas Inc,VTR,ORQTRC074CWLT3DKHT41,740260,2018.0,Q4,2018-10-01,2018-12-31,,700000.0,406907000.0,244276000.0,,21777000.0,,0.0,,-340449000.0,363845000.0,-40117000.0,-340449000.0,363845000.0,-16721000.0,63302000.0,63302000.0,33790000.0,0.0,,0.0,,-349981000.0,-58833000.0,0.0,0.0,68365000.0,
Ventas Inc,VTR,ORQTRC074CWLT3DKHT41,740260,2018.0,Q3YTD,2018-01-01,2018-09-30,2019-10-25 15:27:16+00:00,-12474000.0,,675363000.0,,-77492000.0,0.0,2453712000.0,-1718021000.0,664945000.0,1017622000.0,-1721820000.0,664945000.0,1017622000.0,-39253000.0,352679000.0,352679000.0,79546000.0,-26787000.0,,-850842000.0,,-523343000.0,-73025000.0,-3294104000.0,,1261313000.0,
Ventas Inc,VTR,ORQTRC074CWLT3DKHT41,740260,2018.0,Q3TTM,2017-10-01,2018-09-30,,-11856000.0,409890000.0,908013000.0,,-102764000.0,,2506969000.0,-1811094000.0,438248000.0,1364149000.0,-1814893000.0,438248000.0,1364149000.0,-12496000.0,746484000.0,746484000.0,-175728000.0,-29558000.0,,-850842000.0,,-963105000.0,-122196000.0,-3437663000.0,,1523549000.0,
Ventas Inc,VTR,ORQTRC074CWLT3DKHT41,740260,2018.0,Q3,2018-07-01,2018-09-30,,2713000.0,,218579000.0,,-47117000.0,,0.0,,-60961000.0,307286000.0,-255829000.0,-60961000.0,307286000.0,-9504000.0,103281000.0,103281000.0,29830000.0,0.0,-6792000.0,0.0,,-103817000.0,-30996000.0,0.0,,80644000.0,
Ventas Inc,VTR,ORQTRC074CWLT3DKHT41,740260,2018.0,Q2YTD,2018-01-01,2018-06-30,2019-07-26 15:26:22+00:00,-15187000.0,,456784000.0,,-30375000.0,0.0,750316000.0,-1465991000.0,725906000.0,710336000.0,-1465991000.0,725906000.0,710336000.0,-29749000.0,249398000.0,249398000.0,49716000.0,-19555000.0,6792000.0,-567139000.0,,-419526000.0,-42029000.0,-1629613000.0,,1180669000.0,
Ventas Inc,VTR,ORQTRC074CWLT3DKHT41,740260,2018.0,Q2TTM,2017-07-01,2018-06-30,,-26250000.0,409890000.0,902841000.0,,-53750000.0,,853783000.0,-2364935000.0,938763000.0,1415687000.0,-2364935000.0,938763000.0,1415687000.0,-10485000.0,1258394000.0,1258394000.0,-665548000.0,-31141000.0,6792000.0,-845416000.0,,-967592000.0,-118635000.0,-2342161000.0,,2018198000.0,
Ventas Inc,VTR,ORQTRC074CWLT3DKHT41,740260,2018.0,Q2,2018-04-01,2018-06-30,,-15099000.0,,223634000.0,,27569000.0,,-262046000.0,-962743000.0,555353000.0,402317000.0,-962743000.0,555353000.0,402317000.0,-5073000.0,169300000.0,169300000.0,-3087000.0,-4556000.0,6792000.0,-283646000.0,,-290705000.0,-21412000.0,-412495000.0,,860678000.0,
Ventas Inc,VTR,ORQTRC074CWLT3DKHT41,740260,2018.0,Q1,2018-01-01,2018-03-31,2019-04-26 17:57:54+00:00,-88000.0,,233150000.0,,-57944000.0,0.0,1012362000.0,-503248000.0,170553000.0,308019000.0,-503248000.0,170553000.0,308019000.0,-24676000.0,80098000.0,80098000.0,52803000.0,-14999000.0,,-283493000.0,,-128821000.0,-20617000.0,-1217118000.0,,319991000.0,
Ventas Inc,VTR,ORQTRC074CWLT3DKHT41,740260,2018.0,Q1TTM,2017-04-01,2018-03-31,,-7027000.0,409890000.0,903315000.0,,-83759000.0,73596000.0,1688758000.0,-1677650000.0,266112000.0,1390957000.0,-1677650000.0,266112000.0,1390957000.0,-20581000.0,1242062000.0,1242062000.0,-663634000.0,-35104000.0,,-839194000.0,,-803342000.0,-129340000.0,-2565706000.0,,1198794000.0,
Ventas Inc,VTR,ORQTRC074CWLT3DKHT41,740260,2019.0,FY,2019-01-01,2019-12-31,2020-02-21 19:52:51+00:00,15018000.0,410584000.0,1045620000.0,,-40290000.0,942085000.0,3578715000.0,160674000.0,-1585299000.0,1437783000.0,160674000.0,-1585299000.0,1437783000.0,13158000.0,439297000.0,439297000.0,-21862000.0,2822000.0,,-1166938000.0,,-2624090000.0,-156724000.0,-3193807000.0,-2203000.0,1195515000.0,
Ventas Inc,VTR,ORQTRC074CWLT3DKHT41,740260,2019.0,Q4,2019-10-01,2019-12-31,,4592000.0,410584000.0,348910000.0,,-19072000.0,-165000.0,788953000.0,-254754000.0,-163420000.0,354235000.0,-254393000.0,-163420000.0,354235000.0,-63578000.0,12893000.0,12893000.0,6912000.0,-5400000.0,,-298267000.0,,-195152000.0,-56937000.0,-737672000.0,-2203000.0,88669000.0,
Ventas Inc,VTR,ORQTRC074CWLT3DKHT41,740260,2019.0,Q3TTM,2018-10-01,2019-09-30,,11126000.0,406907000.0,940986000.0,,559000.0,0.0,0.0,,-1762328000.0,1447393000.0,374950000.0,-1762328000.0,1447393000.0,60015000.0,489706000.0,489706000.0,5016000.0,0.0,,0.0,,-2778919000.0,-158620000.0,0.0,0.0,1175211000.0,
Ventas Inc,VTR,ORQTRC074CWLT3DKHT41,740260,2019.0,Q3,2019-07-01,2019-09-30,,4984000.0,,234603000.0,,-13426000.0,76217000.0,1807018000.0,630296000.0,-914152000.0,354329000.0,629935000.0,-914152000.0,354329000.0,70112000.0,86918000.0,86918000.0,41250000.0,-3438000.0,,-296978000.0,,-1598591000.0,-41406000.0,-952523000.0,,725845000.0,
Ventas Inc,VTR,ORQTRC074CWLT3DKHT41,740260,2019.0,Q3YTD,2019-01-01,2019-09-30,2019-10-25 15:27:16+00:00,10426000.0,,696710000.0,,-21218000.0,942250000.0,2789762000.0,415428000.0,-1421879000.0,1083548000.0,415067000.0,-1421879000.0,1083548000.0,76736000.0,426404000.0,426404000.0,-28774000.0,8222000.0,,-868671000.0,,-2428938000.0,-99787000.0,-2456135000.0,,1106846000.0,
Ventas Inc,VTR,ORQTRC074CWLT3DKHT41,740260,2019.0,Q2TTM,2018-07-01,2019-06-30,,8855000.0,406907000.0,924962000.0,,-33132000.0,866033000.0,3103364000.0,-510814000.0,-909137000.0,1400350000.0,-510814000.0,-909137000.0,1400350000.0,-19601000.0,506069000.0,506069000.0,-6404000.0,-107000.0,-6792000.0,-1139156000.0,,-1284145000.0,-148210000.0,-3339578000.0,-1370000.0,530010000.0,
Ventas Inc,VTR,ORQTRC074CWLT3DKHT41,740260,2019.0,Q2,2019-04-01,2019-06-30,,2157000.0,,226187000.0,,20469000.0,767655000.0,81655000.0,44895000.0,-439903000.0,393099000.0,44895000.0,-439903000.0,393099000.0,-1909000.0,211898000.0,211898000.0,-67612000.0,22455000.0,,-286603000.0,,-740699000.0,-58381000.0,-540267000.0,,359177000.0,
Ventas Inc,VTR,ORQTRC074CWLT3DKHT41,740260,2019.0,Q2YTD,2019-01-01,2019-06-30,2019-07-26 15:26:22+00:00,5442000.0,,462107000.0,,-7792000.0,866033000.0,982744000.0,-214868000.0,-507727000.0,729219000.0,-214868000.0,-507727000.0,729219000.0,6624000.0,339486000.0,339486000.0,-70024000.0,11660000.0,0.0,-571693000.0,,-830347000.0,-58381000.0,-1503612000.0,,381001000.0,
Ventas Inc,VTR,ORQTRC074CWLT3DKHT41,740260,2019.0,Q1,2019-01-01,2019-03-31,2020-05-08 16:39:05+00:00,3285000.0,,235920000.0,,-28261000.0,98378000.0,901089000.0,-259763000.0,-67824000.0,336120000.0,-259763000.0,-67824000.0,336120000.0,8533000.0,127588000.0,127588000.0,-2412000.0,-10795000.0,,-285090000.0,,-89648000.0,,-963345000.0,0.0,21824000.0,
Ventas Inc,VTR,ORQTRC074CWLT3DKHT41,740260,2019.0,Q1TTM,2018-04-01,2019-03-31,,-8401000.0,406907000.0,922409000.0,,-26032000.0,98378000.0,2759663000.0,-1518452000.0,86119000.0,1409568000.0,-1518452000.0,86119000.0,1409568000.0,-22765000.0,463471000.0,463471000.0,58121000.0,-27118000.0,,-1136199000.0,,-834151000.0,-111241000.0,-3211806000.0,-1370000.0,1031511000.0,
Ventas Inc,VTR,ORQTRC074CWLT3DKHT41,740260,2020.0,Q1TTM,2019-04-01,2020-03-31,,12611000.0,410584000.0,1058537000.0,,-65364000.0,843707000.0,5522538000.0,2331737000.0,-1000294000.0,1416115000.0,2331737000.0,-1000294000.0,1416115000.0,2747558000.0,786439000.0,786439000.0,-376108000.0,7701000.0,,-1180477000.0,,-2741859000.0,-156724000.0,-2858959000.0,-2773000.0,1898289000.0,
Ventas Inc,VTR,ORQTRC074CWLT3DKHT41,740260,2020.0,Q1,2020-01-01,2020-03-31,2020-05-08 16:39:05+00:00,878000.0,,248837000.0,,-53335000.0,0.0,2844912000.0,1911300000.0,517181000.0,314452000.0,1911300000.0,517181000.0,314452000.0,2742933000.0,474730000.0,474730000.0,-356658000.0,-5916000.0,,-298629000.0,,-207417000.0,,-628497000.0,-570000.0,724598000.0,
